000000,COPAS BLACK COUPAGE,"0,00"
0000000,LIBRO DE RESERVAS DIST. GALLEGO,"0,00"
056350,COPA LA PELIRROJA (6U),"0,00"
100011,AGUA 19 L. (BOTELLON),"12,64"
100014,AGUA GARRAFA 5L,"0,80"
100015,BOTELLON 20L. AQUASERVICE,"18,93"
100016,VASOS PAPEL (50),"3,50"
100101,MAHOU 1/3 RET,"25,81"
100106,ALQUEZAR ROSADO SOMONTANO,"4,25"
100107,VICHY CAT. 1/4 - 30CL. (24),"28,68"
100109,MELOCOTON TILFORD 70 cl,"4,83"
100110,TEQUILA CUERVO 75 cl,"13,60"
1001100,FINI CEREZA GRAJEADA ENV 1 KG.,"8,86"
1001101,FINI FRESA SALVAJE  KG.,"5,26"
1001102,FINI LAGRIMA AZUCAR 1 KG.,"5,26"
1001103,FINI MINI BESO FRESA AZ 20 GR.,"0,17"
1001104,FINI MORA GRANO 1 KG.,"6,03"
1001105,FINI MINI OSO AZ 20 GR.,"0,17"
1001106,FINI CINEMA MIX PICA 12X90 GR.,"7,51"
1001107,FINI SOUR LITTLE MIX 12X90 GR.,"7,51"
1001108,FINI LITTLE MIX 12X90 GR.,"7,51"
1001109,FINI PARTY MIX 12X90 GR.,"7,59"
100111,BOMBAY 70 cl,"10,76"
1001110,FINITRONC CORAZON 125 UD.,"6,03"
1001111,FINI BOLA GOLF 125 UD.,"6,09"
1001112,FINILETA CARETOS FRESA 170 UD.,"12,63"
1001113,FINI SOUR BOOOM MIX 12X90 G,"7,51"
1001114,FINI DELIJELLY 1KG.,"6,39"
100112,WHISKY PECHE YACHTING 70 cl,"6,99"
100113,JOHNNIE WALKER ETIQ.ROJA 70 cl,"12,04"
100114,SIDRA ASTURIANA TRABANCO,"2,46"
100115,REMY MARTIN 70CL COGNAC,"37,84"
100116,NATILLA PASCUAL VAINILLA,"13,45"
100117,NATILLA PASCUAL CHOCO,"13,45"
100118,FLAN PASCUAL HUEVO,"13,82"
100119,BAINES ORO 30º,"15,83"
100121,MOLIDO GOURMET 100% ARABICA-2207,"5,39"
100127,FLAN PASCUAL VAINILLA,"10,30"
100128,SOBAOS 48 UN.,"11,69"
100139,PIMIENTOS PIQUILLO 3KG.,"16,47"
100142,VASO CHUPITO (1000 UD) - 1469,"41,86"
100143,BOLSA HIELO (5),"10,11"
100145,BORSAO TRES PICOS 2021 CAMPO DE BORJA,"9,18"
100151,KIT KAT NESTLE 45 GR (36),"24,05"
100152,KINDER BUENO (30) FERRERO-61205,"30,67"
100153,KINDER JOY (VERANO) 72U FERRERO - 61289,"90,00"
100160,KINDER BUENO WHITE 30 UD FERRERO - 61375,"27,26"
100170,CROISSANT RELLENO 65 GR (15) 27007,"10,36"
100178,KINDER JOY 36 UD. - 61572,"47,75"
100180,MAGDALENA CASERA 2KG 25UN - 94709,"10,66"
100184,MARTIRELO PATATA FRITA 50 GR (25),"17,55"
100187,MINI MAGD RELLENA CHOCO 120UN (94565),"8,10"
100190,GALLETA MARIA LECHE GULLON (144UND),"17,70"
100191,KINDER (INVIERNO) 72UD - 61204,"83,25"
100195,VALENCIANA 2UND. MAGDALENAS (33 PACK),"13,92"
100196,KINDER SORPRESA+K.B.+HAPPY HIPPO,"106,20"
100197,CHOCOLATINAS TRAPA SABORES-1428,"10,57"
100198,CUENCO FINI,"0,00"
100199,FINI MIX GOMA PICA 1 KG.,"5,26"
100208,AQUARIUS LIMON (24UD),"20,54"
100209,HIELO PICADO SACO,"11,81"
100211,BITTER CINZANO (24UD),"42,22"
100213,AQUARIUS NARANJA (24UD),"20,54"
100215,COCA COLA LATA 33cl. (24UN),"18,12"
100216,SAN PELLEGRINO 25cl. (24UD),"19,18"
100217,SAN PELLEGRINO 50cl. (24UD),"22,82"
100222,COCA COLA ZERO LATA (24UD),"18,12"
100242,SIDRA THE GOOD CIDER 1L (12),"19,52"
100244,COCA-COLA PET 1L C12,"14,16"
100250,BAG BOX 15L MONTEGOZA TINTO,"18,38"
100251,DISTG KAS NARANJA 2 L. (6),"8,66"
100252,COCA COLA 1.25L (6 UND),"6,40"
100256,COCA COLA 2L.,"10,45"
100257,"COCA COLA 33CL ""0,0"" ZERO ZERO","16,22"
100259,BEBIDA ENERGETICA,"18,72"
100260,COCA COLA 2LT SIN CAFEINA,"10,45"
100261,FANTA NARANJA 1.25L,"6,32"
100263,"AQUARIUS NARANJA 1,5 L.","10,37"
100264,COCA COLA 2L ZERO ZERO,"10,45"
100265,AQUARIUS LIMON BOT. 1.5LT,"10,37"
100266,FUZE TEA LIMON LATA 24UN,"15,03"
100267,VICHY CAT. 1L. NR (12),"18,75"
100300,GRANINI NARANJA PET 1 L. (6),"22,69"
100301,GRANINI MELOCOTON PET 1 L. (6),"17,97"
100302,GRANINI PIÑA PET 1 L. (6),"17,97"
100303,GRANINI NARANJA 200cc. (24),"31,55"
100304,GRANINI PIÑA 200cc. (24),"31,55"
100305,GRANINI MELOCOTON 200cc. (24),"31,55"
100306,GRANINI A+C+E 200cc. (24),"31,55"
100307,GRANINI TOMATE 200cc. (24),"31,55"
100308,GRANINI A+C+E PET 1 L. (6),"20,64"
100309,GRANINI TOMATE PET 1 L. (6),"21,29"
100310,GRANINI MELOCOTON PET 33 CL.  (12),"16,37"
100311,GRANINI NARANJA PET 33  CL. (12),"19,18"
100312,GRANINI PIÑA PET 33 CL. (12),"16,37"
100313,GRANINI A+C+E PET 33 CL. (12),"16,37"
100314,GRANINI COCTEL FRUTAS 200cc. (24),"31,55"
100315,GRANINI PERA 200cc. (24),"31,55"
100318,GRANINI PERA PET 1 L. (6),"17,97"
100319,GRANINI MANZANA 200cc. (24),"31,55"
100320,GRANINI PLATANO 200cc. (24),"31,55"
100321,GRANINI ARANDANOS PET 1L. (6),"20,64"
100322,GRANINI ARANDANOS 200cc. (24),"31,55"
100323,GRANINI POMELO PET 1 L. (6),"17,97"
100324,GRANINI GRANADA PET 1 L. (6),"17,97"
100327,GRANINI PLATANO PET 1 L. (6),"17,97"
100328,GRANINI MANZANA PET 1 L. (6),"21,28"
100329,GRANINI LIMONADA 200cc. (24),"31,55"
100338,GRANINI COCTEL FRUTAS PET 1 L. (6),"20,64"
100339,GRANINI MANZANA PET 33 CL.  (12),"16,37"
100343,LUZ BALIZA SOS GRANINI,"0,00"
100344,GRANINI ARANDANOS PET 33 CL. (12),"16,37"
100345,GRANINI PET 1.5L NARANJA (6),"28,90"
100346,GRANINI MINIBRICK NARANJA 20CL (30),"21,18"
100347,GRANINI LIMONADA PET 1 L. (6),"13,07"
100348,GRANINI NARANJA-MANGO PET L.,"17,97"
100349,GRANINI PET 1.5L MELOCOTON (6),"24,44"
100350,GRANINI COCO-PIÑA PET 1L (6),"17,98"
100351,GRANINI PET 1.5L PIÑA (6),"24,44"
100352,GRANINI PET 1.5L A+C+E (6),"24,44"
100353,GRANINI TOMATE PET 33 (12),"16,37"
100354,GRANINI LIMONADA PET 33CL (12),"16,37"
100355,GRANINI GUAYABA-PITAHAYA 200cc (24),"31,55"
100356,GRANINI GUAYABA-PITAHAYA 1L (6),"17,98"
100357,GRANINI GUAYABA-PITAHAYA PET 33CL (12),"16,37"
100401,YAMBO DESCAF EL CRIOLLO (80)-1700,"26,65"
100403,CAFE ETIQU NEGRA SELEC. ORO KG-2114,"25,43"
100404,CAFE EXTRA MEZCLA 85/15 KG-2107,"21,54"
100405,MEZCLA SELECTA 5* 85/15  KG-2109,"19,95"
100406,MOLIDO MEZCLA 80/20 EL CRIOLLO 250 GR-2201,"3,54"
100407,SELECTA 100% NATURAL GRANO KG-2103,"20,14"
100408,CAFE EXTRA 100% NATURAL KG-2101,"22,45"
100409,DESCAF. SOLUBLE EL CRIOLLO (100)-1200,"12,08"
100410,DESCAF. GRANO KG CRIOLLO-2111,"23,31"
1004102,CAFE ECOLOGICO DOBLE-LABEL KG-2141,"25,59"
1004104,CAFE GRANO EL SALVADOR 250 GRS-470,"6,63"
1004106,CAFE GRANO COLOMBIA PICO CRISTOBAL-491,"6,07"
1004107,DESCAF. GRANO AL AGUA 250 G.- 436,"6,11"
1004110,CAFE GRANO MEZCLA TRADICION 250 GR.-430,"5,40"
1004111,MOLIDO BRASIL 250 GR.-2206,"4,90"
1004113,MOLIDO COLOMBIA 250 GR.-2211,"5,02"
1004114,CAFE GRANO BLEND INSIGNIA 250 GR.-434,"6,07"
1004115,CAFE GRANO BRASIL CERRADO 250 GR.- 449,"5,20"
1004116,CAFE GRANO KENYA 250 GR. - 480,"9,75"
1004117,JENGIBRE LIMON (20) - 1514,"5,91"
1004118,CAFE GRANO INDIA MALABAR 250 GR.-445,"5,72"
100412,PLATINUM 3 KG EL CRIOLLO-2115,"89,08"
1004120,CHOCOLATE A LA TAZA (40)-1407,"13,15"
1004124,RISTRETTO CAPSULAS COMP. (10)-2359,"2,96"
1004125,COLOMBIA CAPSULAS COMP. (10)-2360,"3,13"
1004126,INTENSO CAPSULAS COMP. (10) - 2361,"3,13"
1004127,DESCAFEINADO CAPSULAS COMP. (10) - 2362,"2,93"
1004129,CAPSULAS BLACK RISTRETTO (96 UD)-2320,"42,04"
100413,AZUCAR EIZASA (1000 UD)-29038,"20,65"
1004130,CAPSULAS BLACK DESCAFEINADO (96 UD.)-2321,"42,04"
1004132,CHOCOLATE 750GR CRIOLLO-1402,"8,64"
1004133,PALETINA CAFE MADERA,"7,56"
1004134,AZUCAR ROMERO (1000UD) 29273,"26,07"
1004135,CAFE GRANO GUATEMALA 250 GR -476,"7,93"
1004136,DESCAF. LIOFILIZADO 250GR. - 1203,"12,81"
1004137,CAFE GRANO ETIOPIA LIMU-481,"5,61"
1004138,TE MATCHA 50GR-1352,"7,43"
1004139,CAFE GRANO PANAMA 250 GR-442,"7,80"
1004140,ETIQUETA NEGRA CAPSULAS 100 UD.-2306,"43,70"
1004141,CAFE GRANO COSTA RICA 250 GR-467,"13,28"
1004142,TE VERDE SENCHA BIO (20) - 1504,"5,91"
1004143,TE VERDE MARRAKECH BIO (20) - 1505,"5,91"
1004144,QUIJANO GR 100% ARABIGA MONODOSIS-2310,"31,27"
1004145,CAPUCHINO IRLANDES 1KG,"8,62"
100415,MOLIDO NATURAL 250 GRS-2202,"3,54"
100417,DESCAF ALIMEN. MOLIDO 250 GR-2203,"4,77"
100421,CAPSULAS ALTA SELEC (100 UD)-2304,"43,70"
100422,CAPSULAS DESCAFEINADO (100 UD)-2305,"43,70"
100423,CAFETERA  2 GRUPOS CAPSULAS,"0,00"
100424,CAFETERA 1 GRUPO CAPSULAS,"0,00"
100425,AZUCAR PALETINA 8 GR (1000 UD)-1112,"38,61"
100426,AZUCAR 6 GR  (1000 UD) 29201,"18,74"
100428,AZUCAR PACINO  (1000 UD) 29159,"28,43"
100430,AZUCAR MORENO 7 G (400 UD)-1111,"15,03"
100431,AZUCAR MORLANS (1000 UD),"27,98"
100433,AZUCAR TERRON 5 GR (1000 UD) - 1116,"20,82"
100434,EDULCORANTE  (400 UD)-1122,"10,35"
100435,GALLETAS LOTUS (300und)-1657,"18,85"
100437,TE CHAI (20)-1513,"5,91"
100438,AZUCAR CHURRON (1000 UD) 29106,"26,07"
100443,TE FRUTOS DEL BOSQUE 300 GR - 1319,"11,83"
100444,TE VERDE CHINA GUNDPOWDER 300 GR-1312,"11,64"
100445,TETERA COMPLETA FINUM 1639,"7,56"
100447,TE ROJO PU-ERH YUNNAN 300 GR-1316,"11,77"
100452,TE ROIBOS SUEÑOS DE VERANO 300 GR-1318,"11,25"
100454,TE COCKTAIL HAWAIANO 300 GR,"11,77"
100456,FRUTAS DE LA PASION 300 GR-1331,"11,77"
100459,TE VERDE ORGANICO 300 GR 1304,"13,00"
100460,MENTA POLEO GRANEL 100 GR-1302,"7,28"
100462,MANZANILLA EL CRIOLLO (100 UD)-1371,"6,06"
100463,MENTA POLEO CRIOLLO (100 UD)-1370,"6,06"
100464,TE EL CRIOLLO NEGRO (100UD)-1368,"6,06"
100465,TILA EL CRIOLLO (100UD) - 1369,"6,06"
100466,TE VERDE EL CRIOLLO (100 UD)-1372,"6,06"
100467,TE ROJO EL CRIOLLO (100 UD)-1373,"6,06"
100468,ENGLISH BREAKFAST (20)-1500,"5,91"
100469,MENTA FRESCA  (20)-1501,"5,91"
100470,MANZANILLA DIGEST(20)-1502,"5,91"
100471,TE ROJO PU ERH (20)-1503,"5,91"
100474,ROOIBOS VAINILLA (20)-1506,"5,91"
100475,ROOIBOS CANELA NARANJA (20)-1507,"5,91"
100476,RELAX (20) - 1508,"5,91"
100477,FRUTOS ROJOS (20)-1509,"5,91"
100478,TROPICAL (20) - 1510,"5,91"
100485,STEVIA EDULCORANTE-1123,"5,04"
100486,AZUCAR BALNEARIO (1000 UD)-29037,"26,07"
100488,COLA CAO SOBRE (50UD),"17,76"
100493,VASO CAFE VENDING (100UN) (30UN/C),"2,24"
100494,LECHE VENDING 100% 900 GR (12UN/C),"9,38"
100495,VENDING DESCAFEINADO 250 GR (12UN/C),"17,77"
100496,PALETINAS TRANSPARENTES (100 UN),"0,65"
100497,CHOCOLATE VENDING 1KG (10UN/C),"14,66"
100499,LECHE S/A GOLDEN 500 GR. (CRIOLLO)-1615,"5,82"
100502,TIO PEPE VINO DE JEREZ,"6,50"
100503,OPORTO SANDEMAN RUBI 1L,"5,18"
100506,BRANDY 1866 70cl.,"50,74"
100507,CARLOS III 70 cl.,"9,88"
100508,CENTENARIO DE TERRY LITRO,"9,09"
100509,DUQUE DE ALBA 70cl.,"27,43"
100510,LEPANTO LUJO 70cl.,"23,62"
1005102,CREMA ORUJO PICUEZO 0.70CL,"6,69"
1005106,GIN BOLSKAN,"26,40"
1005108,PASTIS 51,"13,23"
1005109,LICOR 43 1 L.,"16,44"
100511,MAGNO 70cl.,"9,61"
1005110,"VERMUT CASERO SIMO 1,5 L.","5,32"
1005111,CREMA ORUJO PICUEZO 3L.,"20,82"
1005113,GIN BULLDOG,"18,54"
1005115,RON PAMPERO,"11,52"
1005116,CARLOS I,"19,88"
1005117,RON BOTRAN AÑEJO 8 AÑOS,"14,89"
1005118,GIN LONDON BLACK DRY 5th,"12,30"
1005119,JURA 10 YEARS WHISKY,"27,22"
100512,MASCARO 70cl.,"12,60"
1005120,CREMA LICOR ORDOKI 70CL (15%),"8,66"
1005121,PATXAKA-MAGUILLA ORDOKI 70CL (25%),"8,66"
1005122,AGUARDIENTE ORUJO ORDOKI 70CL (42%),"10,60"
1005123,VERMUT JOVEN ORDOKI 1L (15%),"4,25"
1005124,VERMUT BARRICA ORDOKI 75CL (15%),"5,63"
1005125,LICOR CAFE ORDOKI 70CL (30%),"9,13"
1005127,LICOR HIERBAS ORDOKI 70CL (30%),"8,83"
1005128,ANIS DESTILADO ORDOKI 70CL (35%),"9,85"
1005129,MANDRAGORA ORDOKI 70CL (45%),"10,51"
100513,SOBERANO LITRO,"8,93"
1005130,MOSCATEL BLANCO ORDOKI 75CL (15%),"5,00"
1005131,MOSCATEL BARRICA ORDOKI 75CL (15%),"5,69"
1005132,TEQUILA MANGO 70CL,"8,76"
1005133,RON BACARDI 70 CL.,"14,78"
1005134,VODKA SMIRNOFF 70 CL.,"9,29"
1005136,WHISKY HIGHLAND DREAM 18 AÑOS 22,"64,50"
1005137,VODKA OVAL,"51,35"
1005138,JOHNNIE WALKER BLACK 12 AÑOS,"20,63"
1005139,WHISKY HIGHLANS DREAM 12 AÑOS 22,"50,38"
100514,BRANDY HERCULES 1L.,"6,13"
1005140,RON PASADOR DE ORO 22,"34,90"
1005141,RON QUEMADILLO 37.5º 3L PICUEZO,"20,24"
1005142,LA DOLORES VERMUT CANISTER 3L.,"19,00"
1005143,VERMUT LA DOLORES 75CL,"8,21"
1005144,TEQUILA JALISCO 100% AGAV/RE70CL,"22,80"
100515,TORRES 10 AÑOS 70cl.,"10,26"
1005154,LA DOLORES BLANCO AFRUTADO 75CL,"4,25"
1005155,LA DOLORES VIÑAS VIEJAS 75CL,"6,95"
1005156,LA DOLORES VERMUT BOLSA 3L.,"14,00"
1005158,LICOR DE LIMON VILLA MASSA,"11,99"
1005159,BRANDY FDO. CASTILLA SOLERA SELECTO,"75,50"
100516,TORRES 5 AÑOS 70cl.,"8,60"
1005160,CONVENTO SAN FRANCISCO ROBLE 2020,"6,90"
1005161,WHISKY DE MALTA GLENFARCLAS 12 AÑOS,"52,69"
1005162,WHISKY DE MALTA GLENFARCLAS 15 AÑOS,"74,69"
1005163,WHISKY DE MALTA GLENFARCLAS VINTAGE 2011,"42,79"
1005164,COGNAC COURVOISIER VSOP,"34,50"
1005165,"LA DOLORES V.ROJO MINIATURA 0,25","4,30"
1005166,TANQUERAY 0.0,"13,73"
1005167,"AIRIÑOS LICOR DE HIERBAS 0,70L","5,31"
1005168,"AIRIÑOS CREMA DE LICOR 0,70L","5,31"
1005169,"AIRIÑOS LICOR DE CAFE 0,70L","5,63"
100517,VETERANO LITRO,"7,96"
1005170,"AIRIÑOS BLANCA 0,70L","6,23"
1005171,"AIRIÑOS LICOR DE LIMON 0,70L","5,48"
1005172,MONASTERIO DE LAS VIÑAS TINTO 0.0,"2,77"
1005173,W. GLENFIDDICH 15,"52,59"
1005174,GRANPOMIER 0.0,"3,57"
1005175,GRANPECHER 0.0,"3,57"
1005176,POCION DEMELON 70CL,"8,88"
100518,ARMAGNAC CROIX DE SALLES USOP 24,"36,74"
100520,GRANADINA RIVES,"3,21"
100522,COINTREAU 70cl.,"14,85"
100523,BLUE TROPIC RIVES S/ALC,"3,95"
100524,TRIPLE SECO,"8,36"
100525,GRAN-POMIER 70cl.,"6,27"
100526,MANZANA S/ALC,"4,01"
100527,GRAN-PECHER 70cl.,"6,27"
100528,MELOCOTON S/ALC,"4,01"
100529,LIMA RIVES S/ALC LITRO,"3,82"
100530,LICOR 43 70cl.,"16,12"
100531,GINEBRA G VINE 3/4 L FLORAL,"26,44"
100532,CHINCHON DULCE LITRO,"8,36"
100533,CHINCHON SECO LITRO,"11,64"
100534,MONO DULCE 3/4,"7,37"
100535,CASTELLANA DULCE 3/4 LITRO,"8,00"
100536,MARIE BRIZART LITRO,"8,70"
100537,ANIS PICUEZO 3L (24º),"16,44"
100539,BOMBAY SAPPHIRE 70cl.,"17,42"
100540,BEEFEATER 70cl.,"13,02"
100541,GORDONS 70 cl,"8,30"
100542,TANQUERAY,"14,09"
100543,SEAGRAM S GIN 70 cl,"14,25"
100545,THE LONDON GIN  3/4 CLASICA (AZUL),"27,65"
100546,MONKEY 47 GIN,"35,60"
100547,CITADELLE,"18,99"
100548,GIN NORDES,"22,71"
100549,GIN MOM,"22,40"
100550,GIN BOTANIC,"9,55"
100551,MOSKOVSKAYA 70 cl.,"9,12"
100552,ABSOLUT 70 cl,"12,41"
100553,VODKA ERISTOF BLACK 70CL,"10,37"
100554,LICOR DE CAFE RUAVIEJA 70 cl (26%),"9,43"
100555,HIERBAS RUAVIEJA (30%) 70CL,"7,80"
100558,ORUJO BLANCO RUAVIEJA 70cl (42%),"11,04"
100560,CREMA DE ORUJO RUAVIEJA (17%) 70CL,"11,50"
100562,AGUARDIENTE ORUJO VIZCONDE DE TUI,"9,29"
100566,MANZANETA FR 0.70L SELVA DE OSA,"6,04"
100569,ORUJO BLANCO LITRO SELVA DE OZA (40º),"13,93"
100570,ORUJO BLANCO FR 0.7L SELVA DE OSA (40%),"8,50"
100582,BAINES CLASICO 1L.,"14,02"
100583,ETXEKO 1 LITRO,"9,91"
100585,ZOCO 1 LITRO,"10,05"
100587,PONCHE CABALLERO 70 cl,"9,91"
100590,HAVANA CLUB 3 AÑOS 70 cl,"10,29"
100591,HAVANA CLUB 7 AÑOS 70 cl.,"20,28"
100592,RON NEGUS 1 LITRO,"12,02"
100593,MALIBU 70 cl.,"10,27"
100594,RON BARCELO AÑEJO 70 cl.,"13,12"
100595,BRUGAL AÑEJO,"12,59"
100596,RON CACIQUE 70 cl.,"11,49"
100598,"VERMUT COCHS 1,5 L (1UND)","5,02"
100599,MARTINI BLANCO  LITRO,"7,77"
100600,MARTINI ROJO  LITRO,"8,31"
100602,CAMPARI 1 LITRO,"15,90"
100603,APERITIVO RICARD LITRO,"15,01"
100604,ANTIQUARY 70 cl.,"15,02"
100605,BALLANTINES 70 cl.,"12,61"
100606,CARDHU MALTA 12 AÑOS,"28,06"
100607,CHIVAS REGAL 12 AÑOS 70 cl.,"22,43"
100608,CUTTY SARK 70 cl.,"9,75"
100609,DYC 70 cl.,"9,00"
100610,DYC 8 AÑOS 70 cl.,"11,64"
100611,FOUR ROSES BOURBON 70 cl.,"14,78"
100612,WHISKY J&B 70 cl.,"11,03"
100613,JACK DANIEL S BOURBON 70 cl.,"20,44"
100614,KNOCKANDO MALTA 12 AÑOS 70 cl.,"26,98"
100615,"MACALLAN AMBER 0,70","57,26"
100616,WHISKY EDWARDS/PICUEZO 1L,"7,68"
100617,WHITE LABEL 70 cl.,"11,90"
100618,BALLANTINES 12 AÑOS,"19,27"
100619,WHISKY GLENROTHES MALTA 0.70L,"37,77"
100620,GIN PUERTO DE INDIAS STRAWBERRY,"14,38"
100621,JAGERMEISTER,"11,94"
100622,GINEBRA MARTIN MILLER 40º,"18,98"
100624,PINK BEEFEATER,"13,17"
100625,PEDRO XIMENEZ NECTAR,"7,78"
100627,"VODKA SMIRNOFF 1L. 37,5","9,93"
100629,CARDENAL MENDOZA,"20,79"
100630,WHITE LABEL 50 CL. 12 AÑOS,"13,52"
100631,WHISKY LA PERDIZ 0.70 L.,"11,08"
100632,"GINEBRA LARIOS ROSE 0,70 L.","11,78"
100633,VERMUT CABECITA LOCA 75 CL,"9,35"
100634,SANGRIA CABECITA LOCA 75 CL,"6,49"
100635,WHISKY THUNDER BITCH 70 cl. 30º,"10,56"
100638,FRANGELICO,"10,64"
100640,BAILEYS 1 LITRO,"14,30"
100641,RON NEGRITA 0.70L,"7,95"
100642,WHISKY LA GAVULIN,"47,85"
100643,TIA MARIA,"11,90"
100645,BOURBON JIM BEAM,"13,31"
100646,WHISKY NOMAD,"25,21"
100647,VERMUT LA COPA G.BYASS GRAN RVA.,"15,74"
100648,VERMUT IRIS DORADO 1 L.,"3,99"
100649,CHAMPAGNE DEUTZ ROSE,"57,05"
100650,VERMUT LA COPA 750 ML.,"9,27"
100651,LICOR DE HIERBAS VIZCONDE TUI (30%),"7,92"
100653,JOSE PARIENTE VERDEJO 2022 D.O RUEDA 2023,"8,50"
100658,GINEBRA LARIOS 1 L.,"10,60"
100659,LICOR PLATA O PLOMO,"12,38"
100700,MAZA JAMON BODEGA,"13,17"
100701,PALETA CURADA REDONDA MAIRAL 5 KG APROX,"43,80"
100705,JAMON D.O.TERUEL KG CALAMOCHINO,"11,98"
100706,JAMON LONCHEADO CALAMOCHINO 200GR,"4,88"
100707,TIRITAS DE JAMÓN 1 KG.,"8,34"
100708,LOMO EXTREMADURA 80 GRS 24,"2,55"
100709,TACO JAMON LIMPIO RVA. 600 GR.,"7,93"
100710,JAMON CEBO CAMP ARGAL 7.8 KG 24,"160,83"
100711,JAMON BELLOTA GRAN RVA. JOSELITO,"650,66"
100712,JAMON EXTREMADURA 7.5 KG. 24-022247,"87,50"
100713,PATE IBERICO 3X80 G. ARGAL,"1,64"
100714,"PALETA CEBO CAMPO ""ESTIRPE NEGRA "" 4.9 KG 23","80,11"
100715,"JAMON SERRANO RVA. 7,3 KG. ARGAL 23","66,69"
100716,PACK DESGUSTACION IB ESTIRPE NEGRA,"45,44"
100717,JAMON BTA IB C.MANO 80 G. 24-022296,"8,78"
100719,JAMON BODG. C/PATA 6-7K (x PZA) MAIRAL 24,"68,29"
100720,SALCHICHON IBERICO MITADES (ARGAL) 24-024381,"11,16"
100721,CHORIZO IBERICO MITADES (ARGAL) 24,"8,89"
100800,ANNA DE CODORNIU 24,"7,44"
100801,JUVE & CAMPS RVA FAM,"14,41"
100802,REYES DE ARAGON BRUT NATURE- EL MONJE,"6,47"
100803,VILARNAU BRUT RVA ORGANIC,"8,31"
100804,REYES DE ARAGON BRUT RESERVA- EL CASTO,"5,27"
100807,ROGER DE FLOR SEMI,"3,35"
100808,MOET&CHANDON BRUT IMPERIAL 3/4-23,"38,92"
100809,LOUIS ROEDERER COLLECTION 23,"51,18"
100810,VEUVE CLIQUOT ESTUCHADO 23,"44,18"
100811,CHAMPAGNE BRUT DEUTZ,"42,85"
100812,CHAMPAN MUMM,"29,10"
100813,CAVA LUCRECIA LALANE,"10,23"
100814,HAVANA 5 AÑOS,"11,40"
100815,"GINEBRA MOMBASA 0,7 L.","16,95"
100817,LOUIS ROEDERER CRISTAL ESTUCHADO,"264,00"
100819,VILARNAU BRUT ROSE RVA. ORG.,"9,99"
100821,LOUIS PERDRIER ROSE 0.75CL,"4,29"
100823,COJON DE GATO VERDEJO 2020 D.O RUEDA,"6,81"
100824,COJON DE GATO SYRAH 2022 SOMONTANO,"6,74"
100825,COJON DE GATO GEWURZT. 2022 SOMONTANO,"8,20"
100827,GINEBRA MG 0.70L- 40 GD,"10,65"
100828,GIN HENDRICK'S,"24,07"
100834,REYES DE ARAGON BRUT NAT. GRAN RESERVA,"14,30"
100835,CHIVAS 21 ROYAL SALUTE,"103,40"
100836,TEQUILA SANDIA 70CL,"8,76"
100837,TEQUILA FRESA K.T. RULES 70 CL.,"8,76"
100838,CREMA LICOR 0.70L SELVA OSA,"7,00"
100839,LICOR DE CAFE 0.70L SELVA OSA (30%),"7,44"
100840,LICOR HIERBAS 0.70L SELVA OSA,"7,13"
100841,MANDRAGORA 0.70L SELVA OSA (45%),"9,13"
100842,PACHARAN 0.70L SELVA OSA (25%),"6,94"
100843,PACHARAN KANTXA 1L (20%),"10,36"
100844,CAVA JAUME SERRA B.NAT.,"3,50"
100845,LARIOS 12 AÑOS,"12,98"
100846,DOM PERIGNON,"194,72"
100900,CACAO ASTURIANA BATI2 20 cl. (12)-16540,"7,95"
100901,VAINILLA ASTURIANA 20 cl. (12),"7,95"
100902,"ASTURIANA HOST. 1,5 L (6)-11067","12,00"
100903,"ASTURIANA CREME ENTERA 1,5 L (6)-11068","13,73"
100905,MANTEQUILLA BLOQUE 1 KILO ASTURIANA-13005,"11,36"
100906,"QUESO OVEJA RESERVA ALMIRANTE 1,5 KG.","24,27"
100908,NATA MONTAR LIQUIDA UHT LITRO (6)-12048,"27,14"
100909,BARQUETA AST 10 GR (240UD)-13340,"32,03"
100910,"QUESO CURADO ALMIRANTE 1,5 KG.-14289","16,62"
100912,QUESO UNIDAD MATOCQ 600 GR. (86107),"13,01"
100913,QUESO CUÑA MATOCQ,"5,25"
100914,QUESO ENTERO MATOCQ KG (86001),"17,23"
100916,QUESO CURADO  3 KG. ALMIRANTE,"31,45"
100917,MARGARINA MICRO 10 GR (240 UD.)-13337,"15,76"
100921,DESNATADA LIGERA BRIK 1 L (6)-11673,"6,98"
100922,SEMI LIGERA BRIK 1 L (6)-11674,"6,98"
100923,ENTERA LIGERA BRIK 1 L (6)-11675,"6,98"
100924,NATUR-FIBRA SEMI 1L (6),"7,97"
100926,"NATA REPOST UHT 35,1% M.G.L (6UD)-12052","21,94"
100927,NATA COCINA 12% 1 L (6UD)-12050,"18,49"
100928,NATA SPRAY 500 (12UD)-12115,"46,80"
100929,QUESO BARRA HOSTELERIA ASTURIANA-14129,"9,86"
100930,"ASTURIANA 0% HOST.1,5 L (6)-11080","10,48"
100933,CACAOLAT 20cl. (24UD),"41,44"
100934,PASTELITO CACAOLAT (10UD),"3,70"
100935,CACAOLAT 1 L (6UD),"12,03"
100942,LETONA SEMI HOSTELERIA 1.5L (6),"12,36"
100944,LETONA GRAN CREME 1.5 (6),"12,64"
100945,PMI NATURAL AZUCARADO (PACK 4) (24UND),"10,42"
100946,PMI FRESA (PACK 4) (24UND),"10,42"
100947,PMI MACEDONIA (PACK 4) (24UND),"10,42"
100948,PMI LIMON (PACK 4) (24UND),"9,82"
100949,PMI PLATANO (PACK 4) (24UND),"10,42"
100950,QUESO CURADO ARAYA,"11,06"
100951,PMI NATURAL SIN AZUCAR (PACK 4) (24UND),"10,43"
100953,SARAVILLO SEMI VACA-CABRA 550GR 15,"8,91"
100954,SARAVILLO CABRA 525 GR 15 - 24,"12,54"
100955,SARAVILLO CURADO VACA/CABRA 550 GR 15,"8,88"
100957,SIN LACTOSA SEMI HOSTELERIA (6)-11597,"9,41"
100958,SIN LACTOSA 0%  (6)-11227,"9,41"
100960,YOGUR SARAVILLO,"0,90"
1009611,LECHE CONDENSADA HOST. 600GR.-25200,"3,37"
1009614,NATA COCINA 0.5L ASTURIANA (12UD)-12013,"20,45"
1009616,MANTEQUILLA BARQ. 250G. ASTU (108UD)-13234,"28,26"
1009617,MANTEQUILLA PASTILLA 125G. ASTURIANA (24UN),"28,32"
1009618,NATA PRESIDENT BRIC 1L 35% (6),"22,59"
1009619,LETONA SIN LACTOSA 1 L. (6),"11,31"
1009622,BEBIDA AVENA HOSTELERIA 1L. (6U)-16249,"10,09"
1009623,BEBIDA DE SOJA HOSTELERIA 1L. (6U)-16248,"9,42"
1009624,BEBIDA ALMENDRAS HOSTELERIA 1L (6)-16258,"11,02"
1009625,BEBIDA DE ARROZ 1 L. (6)-16253,"9,20"
1009626,"ENTERA ASTURIANA 1,5 L. (6)","10,68"
1009628,LA LEVANTINA SOJA BARISTA 1L.,"8,51"
1009629,LECHE UHT 1L. DESNAT. ASTURIANA (11242),"0,00"
1009631,LECHE EN POLVO ASTURIANA 800gr-15107,"9,92"
1009633,L. UHT 1L. 0.0% MG ASTURIANA-11479,"5,57"
1009634,CACAOLAT PET 275 CL. (24),"55,51"
1009635,MAESTRA ASTURIANA 1.5 L. HOST. (11123),"13,73"
1009636,NATA MONTAR 1L. 38% MG (12011),"27,95"
1009637,CACAOLAT VASO 200 (10),"12,82"
100978,"SIN LACTOSA HOSTELERIA 1,5 L. (4)-11119","8,31"
1227,GOURMET BAR,"0,76"
1354,DORITOS CHILLI BAR,"0,76"
1596,CAC TOS 050,"0,91"
200101,CACAH. YUMBO SAL O SIN 2.5 KG-03004,"9,75"
200104,EURO PIPA PELADA (12) 100 GR,"9,04"
200111,TORREZNO BOLSA KG.-20057,"11,95"
200112,TORREZNO 50GR (12) - 11786,"12,80"
200113,AVELLANA 35 GR (12)-11452,"8,96"
200114,ALM LARGUETA SIN SAL 38 GR (12) - 11455,"8,96"
200116,PISTACHO 35  GR (12)-11443,"8,96"
200124,ALMENDRA COMUN CRUDA KG-01021,"14,59"
200127,PASAS SULTANAS KG.-10021,"5,49"
200128,NUEZ MONDADA 900 GR.-10015,"12,74"
200132,COCTEL EXTRA 60 GR. (12)-11407,"8,96"
200133,PIPA PELADA (8) CAJA EXP.-11444,"5,33"
200136,MISTER CORN SUPER RACION (18),"18,79"
200138,PIPONAZO S/R (14),"15,23"
200145,MANZANILLA GRANEL- 1301,"8,19"
200146,MAIZ FRITO 100 GR 8 UD-11758,"5,97"
200147,NUEZ MONDADA 12 UD 35 GRS. - 11448,"8,96"
200151,CACAHUETE FRITO 110 GR (8)-11767,"5,97"
200152,COCTEL ENSALADA KG.-06048,"7,49"
200153,TORREZNO BBCOA 50 G. (12) - 11785,"13,60"
200201,VASO TUBO PLASTICO 300cc (10),"0,90"
200203,CREMA MANOS Y UÑAS,"3,41"
200211,ZUMO COFRUTOS NARANJA 200 CC (24),"6,91"
200302,COTO CRIANZA RIOJA,"5,15"
200304,MUGA CRIANZA 3/4 D.O. RIOJA 2020,"15,03"
200305,RAMON BILBAO CZA. 2021 RIOJA,"6,84"
200306,VIÑA ALBERDI CZA. 75CL 2019 RIOJA,"14,13"
200308,BERONIA CRIANZA RIOJA 2021,"5,85"
200309,BERONIA RESERVA 2018 RIOJA,"11,14"
200310,BERONIA CRIANZA MAGNUM 2020,"11,54"
2003101,SEÑORIO LAZAN CZA.,"6,49"
2003102,VIORE MENCIA 2019 BIERZO,"4,71"
2003103,PUERTA VIEJA MAGNUM CZA. 2019 RIOJA,"14,92"
2003104,PROTOS ROBLE D.O RIBERA DUERO 2022,"5,96"
2003105,SOLERA 1847,"5,87"
2003106,DOMINIO FOURNIER CZA. 2019 RIB. DUERO,"14,85"
2003108,VERO MARIGUENA TTO. 2019 SOMONTANO,"4,07"
2003109,VERO MARIGUENA BCO. 2019 SOMONTANO,"4,07"
200311,MARQUES DE VITORIA CZA. 2022 RIOJA,"5,17"
2003110,VIORE MAGNUM VERDEJO 2023 D.O RUEDA,"10,25"
2003112,VERMUT EL BANDARRA,"7,67"
2003117,LA MIRANDA SECASTILLA ROSADO 2023 SOMON.,"7,71"
2003118,VERO CHARDONNAY FERM. BARRICA SOMONTANO 22,"9,77"
2003119,CROFT TWIST,"5,01"
200312,VIVANCO CZA. RIOJA 2019,"6,05"
2003120,ESTUCHE TRES MOSQUETEROS GONZALEZ BYASS,"31,13"
2003121,LUSCO ALBARIÑO 2023 RIAS BAIXAS,"11,00"
2003122,BERONIA ALEGRA ROSE 2018 RIOJA,"13,86"
2003123,DOMINIO FOURNIER RVA. 2019 RIB. DUERO,"27,81"
2003124,FINCA MONCLOA SYRAH 2019,"12,31"
2003126,TINTILLA DE ROTA DULCE 2016 500 ML.,"38,95"
2003129,MARQUES DE RISCAL RVA. 2020 RIOJA,"14,59"
2003130,DEHESA CANONIGOS CZA. 2021 RIB. DUERO,"14,49"
2003131,PIES NEGROS 2019 RIOJA,"7,50"
2003132,COTO MEDIO CZA. RIOJA,"3,80"
2003133,PESQUERA CZA. 2021 RIB. DUERO,"14,30"
2003134,EL VINCULO CRZA. 2016 RIB. DUERO,"6,95"
2003135,MOSCATEL CORONA DE ARAGON,"3,35"
2003136,VERMUT BLANCO LA COPA 750 ML.,"9,27"
2003138,"VIORE VERDEJO ""S/LIAS"" 2020 DO. RUEDA","8,32"
2003139,POW BLANCO MONCAYO 2022 D.O. BORJA,"5,85"
200314,ENATE CHARDONNAY 234 2022 SOMONTANO,"7,09"
2003140,POW TINTO MONCAYO 2021 D.O. BORJA,"6,20"
2003141,ENATE MERLOT-MERLOT 3/4,"17,16"
2003142,APEROL APERITIVO LITRO 11%,"8,76"
2003143,MANZANILLA SOLEAR,"4,14"
2003144,PALO CORTADO C.CONDE,"5,64"
2003145,BERONIA VIÑAS VIEJAS 2019 DO RIOJA,"11,14"
2003146,BERONIA GRACIANO 2017 DO RIOJA,"10,59"
2003147,ALONSO DEL YERRO 2017 DO RIB. DUERO,"15,72"
2003148,BALBAS BARRICA 5 MESES DO RIB. DUERO 2022,"6,91"
200315,ENATE CABER SAUVIG / MERLOT 2021 SOMON.,"5,62"
2003150,EL ANDEN DE LA ESTACION 2022,"8,99"
2003152,CAFE GRANO MEXICO HUATUSCO 250 GR - 455,"5,72"
2003156,FINCA RESALSO E/MORO 2023,"7,13"
2003157,MARTIN BERDUGO BARRICA 2019,"5,67"
2003159,PDM PRADOS FUSION 2021,"5,36"
200316,ENATE CRIANZA 2020 SOMONTANO,"7,28"
2003161,MARTIN BERDUGO TINTO 2020,"4,77"
2003162,PDM PRADOS GARNACHA 2020,"9,45"
2003165,REYES DE ARAGON RESERVA BRUT NATURE,"12,68"
2003166,DOMINIO DE BERZAL BLANCO 2021-D.O. RIOJA,"4,55"
2003168,DOMINIO DE BERZAL CRIANZA 2019-D.O. RIOJA,"6,59"
2003169,LAS LADERAS DE JOSE LUIS 2018- D.O. RIOJA,"26,00"
200317,ENATE RESERVA 3/4,"11,60"
2003172,VERO SAUVIGNON BLANC 2023,"6,64"
2003174,RIBERA ALACER TTO ROBLE 2021 DO DUERO,"6,63"
2003176,BERZAL 7 VARIETALES 2018 D.O.RIOJA,"11,25"
2003178,VERO VIOLETA  D.O. SOMONTANO 2021,"8,94"
2003179,DELICIA DE BACO 2019 D.O. RIOJA,"16,08"
200318,ENATE ROSADO 3/4 2021,"7,01"
2003180,SEÑORIO VILLARRICA CZA. 2019 - D.O.RIOJA,"6,58"
2003181,"DOMINIO BERZAL CZA. MAGNUM 1,5 L. 2019","0,00"
2003182,MARQUES DE CACERES TTO. CZA. 2019,"7,33"
2003184,CUNE CRIANZA D.O. RIOJA 2021,"5,65"
2003185,LAUS RESERVA,"5,97"
2003186,SAUTERNES LARIBOTHE 37 CL. 2020,"13,57"
2003187,SAUTERNES LARIBOTHE 75 CL. 2020,"24,38"
2003188,VIÑA TONDONIA 2011 ESTUCHE 5 BOT.,"331,20"
2003189,VIÑA TONDONIA 2011 ESTUCHE 3 BOT.,"93,73"
200319,SEÑORIO DE LAZAN RVA 2016,"7,60"
2003190,VIÑA TONDONIA RVA. 2011,"29,08"
2003191,ALBARIÑO MAR DE FRADES,"12,00"
2003192,MARQUES DE RISCAL XR RVA.,"17,33"
2003193,MARQUES DE RISCAL FINCA MONTICO VERDEJO 22,"10,75"
2003194,RAMON BILBAO ED.LIMITADA 2021,"9,24"
2003195,MAURO 2022 D.O. TORO,"26,39"
2003196,VILARNAU B.N. GRAN RVA 17 VINTAGE,"13,40"
2003197,LEONOR PALO CORTADO 12A 75CL.,"19,36"
2003198,NOE PEDRO XIMENEZ 750 CL.,"57,92"
2003199,VILARNAU B. NATURE REV.21ORG. G.S.,"7,66"
200320,ENATE 1/2 CABER SAUVIG / MERLOT 2021 SOMON.,"4,64"
2003200,VINO O LUAR DO SIL GODELLO,"8,84"
2003201,"REMELLURI RESERVA, 3/4 2016","21,16"
2003202,BERONIA 50 ANIV. RESERVA 2019,"12,21"
2003203,VIÑA REAL GRAN RESERVA 2016,"22,50"
2003204,BARON CHIREL 2017,"65,78"
2003205,M. SOMERA TTO. TEMPRA.(6)-CORCHO 23,"8,31"
2003206,"VERO CHARDONNAY MAGNUM 1,5 L. SOMONTANO 23","13,97"
2003207,BAG IN BOX COCHS 20L. JETA,"67,92"
2003208,EL NOVIO PERFECTO 2023,"3,95"
2003209,EL PERRO VERDE VERDEJO D.O. RUEDA 2023,"7,90"
200321,BERONIA EDICION LIMITADA 2020 RIOJA,"6,45"
2003212,FAGUS B. ARAGONESAS,"11,50"
2003213,PRIMA CZA. D.O. TORO 2021,"8,95"
2003215,MONCERBAL 2022 D.O. BIERZO,"130,00"
2003216,BALBAS CZA. DO RIB. DUERO 2021,"15,20"
2003217,LA VENDIMIA DE TABERNILLAS CZA. DO.RIOJA 2021,"3,99"
2003218,XIMENEZ-SPINOLA Single Barrell,"72,23"
2003219,LOPEZ CRISTOBAL Albillo DO.RIB. DUERO 2022,"12,22"
200322,VERO BLANCO 2024 SOMONTANO,"4,00"
2003220,TOKAY-OREMUS S.Mandolas 2021,"17,32"
2003221,40 VENDIMIAS VERDEJO 2023,"5,35"
2003223,PETALOS DEL BIERZO (A PALACIO) 2021,"13,75"
2003224,TAMARAL Selección RIB. DUERO 2022,"5,95"
2003225,BRUXON Tinto D.O. BORJA,"2,51"
2003226,AALTO 2022 D.O. RIB. DUERO,"37,59"
2003227,MACAN Clásico 21 D.O. RIOJA,"35,87"
2003228,ANCESTRAL Bod. BALBAS RIB. DUERO 2020,"31,70"
2003229,LAS PIZARRAS VIÑA ALARBA 2020 CALATAYUD,"8,45"
2003230,PAGOS DE ANGÜIX  RIB. DUERO 2020,"15,50"
2003231,CAMINS DEL PRIORAT 2022,"18,71"
2003233,AALTO F. de las Hontanillas DO.RIB DUERO 2022,"39,19"
2003235,PRELUDIO SEI SOLO D.O. RIB. DUERO 2021,"23,26"
2003236,P.S.I. (PINGUS) D.O. RIB. DUERO 2022,"38,50"
2003237,CORULLON 2022 D.O. BIERZO,"38,00"
2003238,ANAYON Garnacha 2019,"9,61"
2003239,LAS PIZARRAS FABLA 2022 CALATAYUD,"5,30"
200324,VERO CHARDONNAY 2024 SOMONTANO,"6,74"
2003240,DEHESA DE LA GRANJA (PESQUERA) 2020,"6,25"
2003241,"VIÑA ALBERDI CZA. 37,5 CL. 2020 RIOJA","6,72"
2003242,PINTIA 2020 D.O. TORO,"61,71"
2003243,ALION RESERVA 2020 D.O. RIB DUERO,"73,33"
2003244,MARQUES DE VIZHOJA 2024,"5,36"
2003245,BLECUA 2016 (AÑADA ESPECIAL),"60,51"
2003246,ALFONSO,"7,54"
2003247,BAG IN BOX COCHS 20L. TIRADOR,"67,92"
2003248,VIÑA AB 12 AÑOS AMONTILLADO,"10,20"
2003249,VINO MANZANILLA LA GUITA 0.75 L,"5,87"
200325,VERO GEWÜRZTRAMINER 2024 SOMONTANO,"8,94"
2003250,CERRO AÑON CRIANZA 2022 75cl,"5,39"
2003251,AÑARES CRIANZA 21 75cl,"4,34"
2003252,ONDARRE 7 PARCELAS 2022 DO RIOJA,"4,85"
2003253,EL RAYO TTO 2021 75cl DO RIOJA,"11,63"
2003254,ACANTUS BLANCO 2024 75cl,"2,24"
2003255,ACANTUS ROSADO 2024 75cl D.O. CASTILLA LM,"2,24"
2003256,ACANTUS TINTO 2024 75cl,"2,24"
2003257,SEÑORIO ONDARRE RVA 19 DO RIOJA,"6,54"
2003258,AÑARES CZA. MAGNUM 2021,"11,42"
2003259,AÑARES TERRANOVA VERDEJO 24 75cl,"4,68"
200326,VERO GRAN VOS RESERVA 2017 SOMONTANO,"14,09"
200327,VERO COLECCION MERLOT 2019 SOMONTANO,"8,10"
200328,VERO PINOT NOIR ROSADO 2024 SOMONTANO,"6,59"
200329,VERO ROSADO 2024 SOMONTANO,"4,00"
200340,VERO TINTO  ROBLE 2023 SOMONTANO,"4,00"
200341,VERO CRIANZA 2020 SOMONTANO 2020,"5,99"
200343,VERO CLARION D.O. SOMONTANO 2022,"13,17"
200346,BLECUA 2017 SOMONTANO,"60,51"
200347,VERO SECASTILLA 2019 SOMONTANO,"20,67"
200349,LA MIRANDA SECASTILLA TINTO 2021 SOMON.,"7,71"
200351,LA MIRANDA SECASTILLA BLANCO 2023 SOMON.,"7,71"
200352,VERO CZA. MAGNUM 2016 SOMONTANO,"12,19"
200353,LAMBRUSCO ROSADO,"3,41"
200354,MATEUS ROSE D.O. PORTUGAL,"4,21"
200355,SIDRA URBITARTE 75cL,"2,20"
200358,EMILIO MORO  D.O. RIBERA DEL DUERO 2022,"16,73"
200360,PROTOS CRIANZA D.O. RIBERA DUERO 2019,"12,35"
200364,TERRAI OVT TEMPRANILLO 2021,"2,41"
200365,TERRAI OVG GARNACHA 2021,"2,41"
200368,PAGO DE LOS CAPELLANES CZA. RIB. DUERO,"19,04"
200376,COTO DE HAYAS GARNACHA CENTENARIA 2022,"6,79"
200379,MARQUES DE SOMERA TTO. TEMPRA. (6)-R 23,"8,31"
200380,MARQUES DE  SOMERA BLANCO (6) 23,"8,31"
200381,MARQUES DE SOMERA ROSADO(6) 23,"8,31"
200383,VERO GRAN VOS MAGNUM RVA. 2014 SOMON. 2015,"31,30"
200384,BERONIA VERDEJO 2023 D.O RUEDA,"5,43"
200385,BORSAO SELEC. CAMPO DE BORJA,"3,50"
200390,PAGO CARRAOVEJAS 2022 RIB. DUERO,"31,26"
200392,PUERTA VIEJA RVA. 2014 RIOJA,"8,55"
200393,VIÑA ALBINA RVA. 2018 RIOJA,"8,12"
200396,VIORE ROSADO 2022 D.O. TORO,"3,83"
200397,VIORE TINTO 2019 D.O. TORO,"3,41"
200398,VIORE VERDEJO 2023 D.O RUEDA,"5,34"
200399,PREGON VERDEJO 2022 D.O. RUEDA,"3,16"
200400,BOQUERON TE PESQUE (100 UD) 1.4K-88098,"31,34"
200401,NAVAJAS LATA GRANDE 20/26,"15,99"
200402,CARDO GUTARRA 1800 GR,"6,67"
200403,ACEITU MANZ S/ANCHOA 201/220 LT2500 -83166,"19,05"
200404,ACEITUNA PERLA GIGANTE 160/200- 83146,"16,17"
200406,"ACEIT. RELLENA ANCH 1,4 K. 180-200 - 83118","5,64"
200407,ACEITUNAS ALIÑADAS 1/2 G CALAHORRA,"8,32"
200408,"ACEITUNA EL CORTIJO, 2,5 K-83145","16,33"
200410,YEMAS ESPARRAGO 9/12-88153,"2,33"
2004100,PIPARRA ACE OLI FCO370 - 83141,"2,69"
2004102,FABADA ASTURIANA LT415-88258,"1,62"
2004103,PIMIENTO PIQUI TIRAS FCO314-88159,"1,59"
2004106,SETAS REVUELTO ANFORA FCO-88147,"1,22"
2004110,COCIDO MADRILEÑO LT415,"1,71"
2004112,CODORNICES ESCAB 2PZ-88257,"5,53"
2004113,MENESTRA VERDURA FCO720 - 88173,"3,64"
200412,POTA SELECTA 6/8,"13,34"
2004121,CARDO FCO720 400 g. - 88080,"1,75"
2004124,JUDIA VERDE FCO720 - 88170,"0,95"
2004126,BERBERECHO LT63-88081,"4,34"
200413,ACEITUNA ANCH. RACION 150 GR. - 83123,"1,49"
2004130,ESPARRAGO GRUESO EX 17/24 LT - 88072,"5,84"
2004133,EXPOSITOR SOBRES SAL 300 UD.,"3,30"
2004135,NAVAJA 6/8 LT 120- 88276,"3,21"
2004146,CHIPIRON ACE RELL RO280-88274,"5,14"
2004147,ATUN ACE GIR BOLSA KG.-88295,"7,50"
2004155,"MAYONESA BOTE 3,6K-88700","9,32"
2004157,ANACARDO 40 GR (12)-11457,"8,96"
2004159,VENTRESCA ATUN ACE GIR LT 900-88298,"19,25"
2004160,GUINDILLA VIN FCO340-83153,"1,27"
2004161,ESPARRAGO GRUESO EX 6/8 LT-88281,"5,10"
2004165,BANDER. PIPARRA Y ANCHOA 25PZ-83173,"15,31"
2004166,BANDER. ANCHOA BOQUERON 30PZ-83067,"23,21"
2004172,PISTACHO IRAN KG.-07001,"18,36"
2004178,PEPINO VIN 10/20 GALON,"14,31"
2004179,ACEITU RACION CHUPADEDOS LT185 GR-83198,"1,80"
200418,CODESA EN ACEITE VEGETAL RO-550 (TROZOS),"14,33"
2004186,PIMIENTO PIQUI CON AOVE,"5,31"
2004188,VINAGRE DE JEREZ D.O. CUADRADO 100 ML.,"1,42"
2004189,FLOR DE SAL NEGRA 190 GR.,"4,14"
200419,CODESA EN ACEITE DE OLIVA (SERIE ORO),"12,97"
2004190,LA CHINATA AOVE Lata 500 ml 23,"6,84"
2004192,ARANDANOS ROJO ENTEROS KG. - 10067,"9,36"
2004193,LINDOR NEGRO 70% 2 KG. LINDT,"52,48"
2004194,LINDOR LECHE 2 KG. LINDT,"51,88"
2004195,LINDOR BLANCO 2 KG. LINDT,"52,48"
2004197,PRALINES DU CONFISEUR 250 GR. LINDT,"12,96"
2004198,SALCHICHON CAS CHAF. VACIO 300 G. MAIRAL 24,"4,85"
2004199,FUET EXTRA 160G MAIRAL 23,"2,02"
200420,LENTEJA LUENGO PARDINA B/5KG,"14,55"
2004200,BANDERILLAS PICANTES ENT. 445 GR.,"1,84"
2004204,PISTACHO 270 GR. (7) - 14063,"36,33"
200422,ACEITE OLIVA VIRGEN 5 L ALBELDA,"43,50"
2004221,MEJILLON ESCA 10/14 LTOL12 - 88273,"2,00"
2004222,BERBERECHO ART. 30/40 BAYMAR - 88359,"7,35"
2004227,GOMOLAS REGALIZ PICA 80GR (8) - 24016,"5,33"
2004228,BONITO ESCABECHE HOST. RO1800 - 88307,"22,75"
200423,FRITUS BIDON 10 L,"22,78"
2004230,PEPIN. RELL ATUN FCO 460 7/8PZ - 83064,"4,38"
2004233,"CUBO COCTEL CHIPY 1,3 KG. -06063","7,54"
2004238,REVUELTO GARRAFA 2 KG - 83137,"11,51"
200424,FRITUS BIDON 20 L,"43,26"
2004240,GUINDILLA VASCA MAESTROS 1700 G.,"11,06"
200426,ACEITE OLIVA VIRGEN 2 L  ALBELDA,"17,90"
2004262,PEPINILLO 80/100 FCO388,"1,88"
2004271,PACHARAN ORDOKI 70CL (25%),"8,58"
2004277,MEJILLON ESCAB 6/8  68 GR. - 88193,"2,59"
2004280,ATUN ACE GIR LT 650 G. - 88299,"7,35"
2004284,"PIPARRA ACE OLI LT 1,4 KG. - 83142","12,23"
2004293,MEJILLON ESCAB 20/30 330 GR. - 88073,"9,93"
2004295,MIEL DE FLORES 25 GR. (120),"31,39"
2004297,RR/50 CODESA ANCHOA SER. ORO,"3,36"
200430,MIEL SAN FCO. 500 GR.,"42,46"
2004305,COHETE MANCHEGUITA 16PZ (83236),"17,39"
2004309,COHETE DOBLE CECINA Y QUESO 20PZ (83235),"17,39"
200431,CONFITURA NARANJA AMARGA  HERO 25 GR (120UN),"26,16"
2004311,BOMBA VENTRESCA 16/17PZ (83232),"18,53"
2004317,ACEITE OLIVA ARBEQUINA 500 CC. ALBELDA,"6,43"
2004318,ESPARRAGO GRUESO EX 13/16 - 88280,"5,82"
2004319,ACEIT GORDAL RELL PEPINO 1.9KG-83072,"9,72"
200432,FRUTANEA MELOCOTON 20 GR (96 UD)-25005,"9,07"
2004321,CALLOS 415 GR. LT- 88314,"2,54"
2004322,ANCHOA ACE OLI 1/8 - 88252,"1,56"
2004323,NUTELLA MONODOSIS T15 (60UD)-62212,"13,63"
2004324,NUTELLA TARRO 25GR (64UD) -62211,"45,04"
2004327,"PATATA ""EL GALLO ROJO"" 2UNX500GR.-22097","6,98"
200433,FRUTANEA FRESA 20 GR (96 UD)-25006,"9,07"
200434,FRUTANEA CIRUELA 20 GR (96 UD)-25004,"9,07"
2004350,CONOS DE MAIZ 40GR 14UD-20094,"6,30"
2004351,CORTEZAS DE CERDO 30GR 14UD-20088,"6,30"
2004352,PATATA JAMON 40GR 14UD-22049,"6,30"
2004364,CONFITURA HERO FRESA 25G (120UN),"23,96"
2004365,CONFITURA HERO MELOCOTON 25 G (120UN),"24,00"
2004366,ACEITE FLOR DE GUARA 5 L.,"48,87"
2004367,FLOR DE GUARA ACEITE ALQUEZRANA 2 L.,"20,70"
2004368,CODESA ORO 1/6 LIN (7-10 FILETES),"5,17"
2004369,CODESA ORO L.H.-120 (10-15 FILETES),"9,82"
2004370,NAPOLITANA CHOCOLATE (4UN),"1,17"
2004372,CROISSANT BOLSA 210GR (7UN),"1,19"
2004373,LOTE COSTA ROSA 90GR 30UN,"17,06"
2004374,PAN DE LECHE DULCA (6UN),"1,19"
2004375,MEJILLON ECHE. RODOLFO 20-25,"10,44"
2004377,PATATA ACEITE OLIVA 35 GR. 14 UD.,"7,78"
2004378,COCTEL FIESTA 850GR (06624),"4,59"
2004380,"BANDERILLA PICANTE 1/2 GALON (1,85K/1K)","8,55"
2004381,ACEITE OLIVA VIRGEN EX COUPAGE 500CC,"7,70"
2004382,HUEVOS KINDER SORPRE. 36UD-61267,"38,00"
2004383,KINDER T-4 X 20UN FERRERO-61256,"22,38"
2004384,ALMENDRA FRITA 30 G. (12) - 11493,"8,96"
2004385,ACEIT. SABOR ANCHOA GARRAFA 2K-83127,"11,90"
2004386,CONFITURA CIRUELA HERO 25GR (120 UDS),"29,85"
2004387,CROISSANT RELL. DULCA (5 UD),"1,35"
2004388,CALAHORRA CHUPADEDOS 1/2 GALON,"8,06"
2004389,CALAHORRA PEPINO 10/20 GALON,"9,73"
2004390,"OLISPANIA LATA OLIVA RELL  160-200 1,5KG","6,24"
2004391,OLIVA SABOR ANCHOA 140/160 GALON,"12,68"
2004392,CALABAZA SAL EURO 12UN,"9,04"
200443,MAYONESA ASUA DOS 450 ML (12),"31,36"
200445,CONFIT MUSLOS (12 UD) CROQUANT,"38,92"
200447,ACEITE OLIVA VIRGEN EXTRA 1/2 SOMONT. 24,"6,70"
200451,ALMEJA RIA LT OL 120-88249,"3,34"
200455,ACEIT. MANCHEGA 2.5 KL - 83445,"17,88"
200456,ACE MANCHEGA RACION - 83446,"2,23"
200477,SALMUERA LIMPIA 30/40-88075,"30,06"
200488,FILETE ANCHOA MASTIL RO1000 88253,"23,08"
200493,"ACEITUNA ALIÑADA CHUPADEDOS 2,5 KG.-83441","18,43"
200494,ACEITUNA NEGRA ARRUGADA 1 KG.-83436,"5,71"
200495,PEPINO RELL. ATUN (18)-83443,"10,30"
200497,ALCACHOFA 12/16 FCO314 - 88078,"2,08"
200501,MONODOSIS TOMATE NATURAL (45UN) (25GR),"8,19"
200502,EXPOSITOR SAL BOLSITA 8GR (1000u) -66012,"5,95"
200503,AOVE MONODOSIS SOMONTANO 100x10ml.,"13,17"
200535,PIRINEOS TOSTADA (PALE)-002 (5.5% vol),"1,75"
200536,PIRINEOS RUBIA (BLOND)-001 (5.5% vol),"1,75"
200537,PIRINEOS PACK 6 - 018,"10,50"
200538,PIRINEOS TRIGO-003 (5% vol),"1,75"
200539,PIRINEOS NEGRA/STOUT-004 (5.5% vol),"1,75"
200540,PIRINEOS ROJA (RED)-005 (5% vol),"1,75"
200541,PIRINEOS ANETO RUBIA-032 (6% vol),"1,75"
200544,AMBAR LATA 33cl. 24UN,"12,88"
200545,MAHOU LATA (24),"15,58"
200546,FREE DAMM LEMON LATA,"22,57"
200547,DAURA DAMM SIN GLUTEN LATA 33CL,"20,50"
200548,AMBAR RADLER LATA 33 CL. 24UN.,"11,98"
200549,AMBAR CELIACOS LATA 33CL,"16,99"
200551,DAMM LEMON LATA 33CL 3.2%,"10,32"
200552,B LEMMON LATA 24 UND 705981,"14,46"
200553,SIN GLUTEN LATA SLEEK 33 CL 700183,"10,90"
200600,AJUSTE 10%,"3,01"
200601,AJUSTE 4%,"0,01"
200602,AJUSTE 21 %,"0,10"
203205,ENATE C.S. MERLOT MAGNUM,"11,22"
203206,SAN ROMAN CRIANZA 2020,"23,07"
2310165,TUBO GAS 10 KILOS GALICIA,"55,20"
2346,ALM TOS 042,"1,61"
2650/51,CAJA NAVIDAD_24 Tape/Fondo 2650/51-375X320X120,"3,54"
2666,CAJA 3 BOT ABIERTA BLACK_24,"1,43"
40,PANDILLA BAR,"0,76"
400096,EUROPALET PROPIO,"12,00"
548,MEDITERRANEA ART BAR,"0,76"
55,RUFFLES JAMON BAR,"0,76"
6146,MALETA 6146 NAVIDAD -24,"2,28"
647,DORITOS TEX BAR,"0,76"
697,PELOTAZOS BAR,"0,76"
700002,BARRIL 0.0 30L GALICIA,"125,69"
700004,BARRIL 0.0 20L GALICIA,"89,75"
700005,TOSTADA 0.0 BARRIL 20L,"100,06"
700010,GALICIA 0.0 33 CL,"35,26"
700015,GALICIA 0.0 20 CL,"29,08"
700016,GALICIA 0.0 TOSTADA 20 CL. (30),"30,08"
700051,GALICIA 0.0 NEGRA 25 CL. NR,"27,40"
700055,GALICIA 0.0 TOSTADA 33 CL.,"37,33"
700056,GALICIA 0.0 TOSTADA 25 CL. NR,"27,91"
700057,EG TOSTADA 0.0 LATA NP 33 CL.,"33,82"
700061,GALICIA 0.0 25 CL NO RET,"25,83"
700089,GALICIA 0.0 LATA 33 CL NOPACK 4x6,"31,89"
700117,GALICIA LATA BDJA PAPEL 33CL (24U),"29,33"
700118,GALICIA 50 CL LATA SLEEK,"36,79"
700127,EG NR 1X6 BOT 66CL,"19,99"
700144,GALICIA NR 33,"41,97"
700157,GALICIA 33 NR WRAP 1X24 33 CL.,"41,97"
700160,GALICIA SIN GLUTEN RETORN. 33 CL.,"30,97"
700162,GALICIA SIN GLUTEN NR (TIENDA 25CL 4x6),"25,71"
700198,GALICIA LATA 4X6 NOPACK 33CL,"29,33"
700199,GALICIA LATA 25 CL MINI,"20,60"
700200,GALICIA TANQUE LITRO,"3,99"
700201,GALICIA BARRIL 50 L,"182,05"
700202,GALICIA BARRIL 30 L,"119,20"
700204,GALICIA NR 20 CL MINI,"23,22"
700210,GALICIA 33 CL RET,"30,53"
700215,GALICIA 20 CL RET,"22,86"
700261,GALICIA NR 25 CL,"26,22"
700310,1906 RETORNABLE 33 CL,"33,74"
700328,1906 NOPACK 4x6 LATA 33CL,"38,15"
700382,1906 33 CL NO RETORNABLE,"43,31"
700440,LA EST. DE GALICIA BNR 33 4X6,"40,96"
700526,LAGER DE VERANO 2024 33CL,"22,48"
700530,GALICIA ESTRELLA DEL CAMINO RET. 33 CL.,"30,70"
700531,"ESTRELLA DEL CAMINO ""NO RETORNABLE"" 33CL","37,63"
700532,ESTRELLA DE VERANO 33CL RET.,"32,25"
700537,EG 2 BOT 33 CL NR GLITTER LCDP+COPA,"0,00"
700539,GALICIA NAVIDAD RET. 33 CL (24),"38,01"
700540,GALICIA NAVIDAD 4X6 33 CL NR,"36,47"
700547,GALICIA NAVIDAD 1 BOT 75 CL,"0,00"
700568,EG PIMIENTOS DE PADRON 50 CL.,"3,62"
700577,BIDUEIRA NR/6X50CL,"21,74"
700579,EG PERCEBES 50 CL.,"3,62"
700591,GALICIA ABADIA NR 50 CL. (4),"16,52"
700595,GALICIA MILK STOUT PACK 4X50 CL.,"12,23"
700663,LA ESTRELLA DE GALICIA NR33 1X24,"43,32"
700743,BLACK COUPAGE 33 CL NO RETOR,"49,67"
700803,1906 PELIRROJA 33 CL 4X6 NR,"49,27"
700853,1906 BARRIL 20 L.,"93,67"
700893,CAMISETA M/C NEGRA LOGO HR BOLSILLO,"0,00"
700894,CAMISETA XXL M/C NEGRA LOGO HR BOLSILLO,"0,00"
700910,RED VINTAGE RET. 33 CL,"33,93"
700945,RED VINTAGE 33 CL NO RETOR,"48,09"
700956,LUPIA NUGGET 33CL RET 24B,"32,15"
701004,CABREIROA RET LITRO (12 B),"7,25"
701005,CABREIROA RET 50  (20 B),"8,28"
701106,(DESCATALOGADA) MAGMA  GAS RET 33 CL (24B),"12,59"
701123,MAGMA GAS RET. 33CL (24),"12,59"
701350,CUEVAS PET 1.5L X 12,"7,14"
701351,CUEVAS PET 15B 1L,"8,06"
701357,CUEVAS PET 50cl (24B),"7,95"
701362,CUEVAS PET 1.5L (PACK 6),"4,46"
701364,CUEVAS PET 33cl (35B),"10,59"
701500,MAGMA ORIGEN ALUM 50 CL (20B),"33,67"
701503,CABREIROA AL 20B 50 CL,"34,27"
701610,CABREIROA PET 1.5  (12B),"10,64"
701617,"CABREIROA PET 6B 1,5 L.","5,26"
701620,CABREIROA PET L. (15B),"9,93"
701630,CABREIROA PET 50 (24B),"13,58"
701640,CABREIROA PET 33  (35B),"14,26"
701650,MAGMA ORIG PET 1L (6B),"8,66"
701651,MAGMA GAS PET 6B LITRO,"8,93"
701661,MAGMA GAS PET 50 CL (24),"23,49"
701670,CABREIROA PET 75  (12B),"9,42"
701743,"FONTAREL ZERO SODIO 1,5 L. (6)","3,51"
701804,CABREIROA BAGBOX 8 L.,"4,16"
701900,AUARA PET 24B 50 CL.,"24,78"
701901,"AUARA PET 6B 1,5 L.","8,70"
703001,RON CANEY ORO LIGERO 70CL,"12,20"
703010,GIN F DE FORMENTERA 70 CL.,"25,49"
703018,RON AREHUCAS CARTA ORO 70CL,"9,65"
703027,RON MIEL GUANCHE 70CL,"6,75"
703034,PROMO CAJA 3 BOT AREHUCAS + 6 VASOS,"28,95"
703042,RICETTA TRUFFLE NEGRONI 50CL,"14,15"
703044,AMARA BRVA SPRITZ 20cl (24),"45,60"
704900,NECTAR PIÑA AUARA (24X20 CL),"29,50"
704901,NECTAR MELOCOTON AUARA (24X20 CL),"29,50"
704902,NECTAR NARANJA AUARA (24X20 CL),"29,50"
704903,NECTAR NARANJA-ZANAHORIA AUARA (24X20 CL),"29,50"
704904,NECTAR TOMATE AUARA (24X20 CL),"29,50"
704905,NECTAR MANGO AUARA (24X20 CL),"29,50"
704906,NECTAR MANZANA AUARA (24X20 CL),"29,50"
705015,MAELOC PIÑA PERA 33 CL,"26,67"
705037,SIDRA SECA BARRIL 30 L,"106,12"
705053,SIDRA MAELOC DULCE 24B 20 cl.,"14,33"
705054,SIDRA MAELOC SECA 24B 20 CL,"14,76"
705057,SIDRA MAELOC PERA 24B 20 cl.,"14,87"
705062,SIDRA MAELOC DULCE 33 CL,"25,10"
705063,SIDRA MAELOC SECA 24 B 33,"24,99"
705064,SIDRA MAELOC FRESA 24B 33,"26,67"
705065,SIDRA MAELOC MORA 24B 33,"26,67"
705066,SIDRA MAELOC PERA 33 CC,"26,67"
705070,SIDRA MAELOC SECA 12 B 50 cl.,"18,03"
705073,SIDRA MAELOC PERA 12 B 50 cl.,"18,35"
705102,BARRIL LA TITA SANGRIA 30 LITROS,"67,81"
705103,BARRIL LA TITA TVERANO 30L,"63,27"
705245,MOSTO TINTO AUARA 24BOT 20CL,"29,50"
705247,MOSTO BLANCO AUARA 24BOT 20CL,"29,50"
705248,MOSTO BLANCO AUARA 1L. (12),"23,88"
705511,VERMUT HDR BIB 10L.,"58,16"
705512,VERMUT HDR 75CL,"7,92"
705513,VERMUT BLANCO HDR 75 CL.,"7,91"
705600,LICOR CAFE HR BOT. 0.7,"13,34"
705601,LICOR DE HIERBAS HR BOT. 0.7,"13,34"
705602,AGUARDIENTE BLANCO HR BOT 0.7,"13,34"
705603,CREMA DE ORUJO HR BOT 0.7,"13,34"
705980,B LEMON B30 L.,"121,09"
705982,B LEMON BOT24X33CL NR,"30,75"
707100,ERDINGER WIESSBIER 30L.,"133,84"
707101,ERDINGER WEISSBIER 12 X 0.5,"29,34"
707140,ERDINGER PIKANTUS 12X50 CL.,"31,77"
707213,BUDEJOVICKY BUDVAR 30 L.,"115,01"
707219,BUDEJOVICKY 24 X 33 CL,"35,18"
707307,(DESCATALOGADO) GROLSCH RADLER 24 X 0.33 CL,"41,08"
707312,GROLSCH RADLER 19.5 L (707316),"68,17"
707317,GROLSCH RADLER NR 20 L.,"71,33"
707318,GROLSCH RADLER BARRIL 30L.,"116,42"
707320,ASAHI SUPER DRY 33 CL NR 1x24,"35,77"
707510,O HARA S IRISH STOUT 24 X 33 CL,"34,18"
707660,PERONI NAS.AZZ. 30L.,"125,22"
707661,PERONI NASTRO AZZURO 24 X 33 CL,"42,12"
707703,BREWDOG PUNK IPA KEYKEG BARRIL 20L.,"154,38"
707713,BREWDOG INDIE PALE ALE LATA 6,"31,83"
707752,BREWDOG PUNK  0.0  12x33 cl.,"30,55"
707754,BREWDOG PUNK IPA 12x33 cl,"30,22"
707777,BREWDOG WINGMAN 12X33 CL.,"25,65"
707928,NORTADA MARIA JOANA 33CL 10BOT.,"27,59"
707930,ORANGEER RADLER NARANJA 10x33CL,"22,35"
707931,NORTADA COFEE BREAK 33CL 10BOT,"21,20"
707933,NORTADA MARZEN BOT 12X33L,"16,77"
70A128,GALICIA NR 66 CL. 1X6 ED.SOLIDARIA,"16,22"
797,JUICY DROP POP (12und),"25,44"
800001,PAPEL HIGIENICO SCOTEX (24 UD),"8,22"
800002,DUPLO COCINA MICAL,"1,92"
800008,CAUCHO ESCURRIDOR COPAS EG,"0,00"
800009,VASO 0.20 EG CRISTAL (6U),"0,00"
800086,MESA EG (SEMI NUEVA),"0,00"
800088,JARRA CERVEZA VINTAGE 0.40CL (6UN),"0,00"
800102,MOCHILA ESCUDO ESPAÑA EURO 2021,"0,00"
800103,CAMISETA ESPAÑA EURO 2021,"0,00"
800104,GYMBAG ESPAÑA EURO 2021,"0,00"
800105,PIZARRA CABALLETE EXT. E.G.,"0,00"
800107,PIE CUAD.55 MM SOMB.3M,"0,00"
800140,VASO FLOW AREHUCAS (6UN),"0,00"
800149,DELANTAL EG BARMAN,"0,00"
800155,BOLIGRAFO EG (50U),"0,00"
800182,"VASO CRISTAL 0,0 EG (6U)","0,00"
800183,ABRIDOR NIQ EG,"0,00"
800197,SILLA ALUM.ANONI.,"0,00"
800201,MECHERO EG (48U),"0,00"
800215,POSAVASOS 1906 (50UN),"0,00"
800218,SERVILLETERO EG,"0,00"
800222,SOMBRILLA ALUM.2.5*2.5 EG,"0,00"
800229,JARRA SAUERLAND 0.40L XACOBEO (6UN),"0,00"
800243,PIZARRA INT.EG,"0,00"
800257,POSAVASOS EG (50UN),"0,00"
800259,POSAVASOS LUPIA (50UN),"0,00"
800322,VASO PINTA EG (6U),"0,00"
800340,CUBO METAL EG,"0,00"
800346,VASO 0.25 CL CRISTAL (6U),"0,00"
800354,LUMINOSO INT.1906 NEON,"0,00"
800390,ABRIDOR BARRA EG/1906,"0,00"
800409,COPA ATLANT.EG 0.30 (6U),"0,00"
800410,COPA 0.25 EG CRISTAL (6U),"0,00"
800413,COPA 1906 (6U),"0,00"
800430,BOLSA PAPEL EG (25U),"0,00"
800440,ROTULO EXT.BAND.ILUMI.,"0,00"
800442,ALQUILER MOSTRADOR,"16,00"
800451,CARTEL FORJA NORMAL/HISTORICO,"0,00"
800479,MESA COMP.ALUM.,"0,00"
800482,ROTULO BANDEROLA 1906,"0,00"
800488,COPA RED VINT(6U),"0,00"
800489,LONA 5X0.90M EG DIB.,"0,00"
800497,POSAVASOS RED VINT.(50U),"0,00"
800509,NEVERA EG RETRO NLX-76,"0,00"
800510,COPA C. BODEGA TASTING 0.43CL (6),"0,00"
800514,CAMISETA TEND.EG HOM.S,"0,00"
800516,CAMISETA TEND.EG HOM.L,"0,00"
800517,CAMISETA TEND. EG HOM.XL,"0,00"
800518,BOLSA GYMBAG 1906,"0,00"
800519,"BOLSA GYMBAG 0,0 2018","0,00"
800809,NEVERA RETRO.PEQ.EG,"0,00"
800852,DESCAP.FAROL S/LUZ 1906,"0,00"
800853,CAUCHO ESC.COPAS 1906,"0,00"
800854,CUBO ZINC 1906,"0,00"
800858,SERVILLETERO EG 00 TOSTADA,"0,00"
80086,VASO COFFEE SP9 200/280 B-50,"3,31"
800862,CUADRO EG CHAPA OXIDO,"0,00"
800863,CUADRO EG LIENZO ROTO,"0,00"
800865,CUADRO EG IMPRENTA,"0,00"
800866,CUADRO EG COLLAGE,"0,00"
800873,"FLYING BANNER EG 0.75*2,2","0,00"
800874,"FLYING BANNER EG 1*4,6 M.","0,00"
800876,CUADRO MADERA RECLINADA 1906 RV,"0,00"
800880,POLO EG NEGRO S,"0,00"
800881,POLO EG NEGRO M,"0,00"
800882,POLO EG NEGRO L,"0,00"
800883,POLO EG NEGRO XL,"0,00"
800884,CUBITERA META.GDE.1906,"0,00"
800885,KIT EXP.IMAG.EG,"0,00"
800887,ALQUILER NEVERA EVENTOS 1 M.,"19,00"
800888,ALQUILER GRIFO PORT.,"16,00"
800889,ALQUILER CONGELADOR,"40,00"
800890,"ALQUILER NEVERA EVENTOS 1,5 M.","19,00"
800892,KIT DISTR.EG ESPECIAL,"0,00"
800894,BOLSA 85X105X190 NEGRA R-10,"1,40"
800895,BOLSA 90X120X190 NEGRA F-25,"5,36"
800896,BOBINA IND. 450 M,"14,89"
800897,PAPEL HIG.IND. ECO F/18,"14,60"
800900,SERVILLETA 30X30 1H (PQT/200 C/36),"1,03"
800901,SERVILLETA 40X40 2H (PQT/50 C/48),"0,78"
800902,SERVILLETA MINI SERVIS(C/60 UND/12000),"0,44"
800903,TOALLA Z-Z ECOPASTA PQ-200,"1,09"
800904,VASO COFFEE SP4 100/126 B-80,"3,73"
800905,COPA EG RESTAURACION (6),"0,00"
800906,TAPA COFFEE SP4 B100,"3,12"
800907,TAPA COFFEE SP9 B100,"4,84"
800908,TAPA COFFEE SP6 B100,"3,32"
800909,VASO COFFEE SP6 150/192 B-100,"4,84"
800910,CENICERO EG 14CM DIA.,"0,00"
800911,CHAPA ACERO EXT. EG,"0,00"
800913,POLO XACOBEO (S),"0,00"
800914,POLO XACOBEO (L),"0,00"
800915,POLO XACOBEO (M),"0,00"
800916,POLO XACOBEO (XL),"0,00"
800917,VASOS VERMUT HDR,"0,00"
800918,CAMISETA LOGO (S) NEGRA,"0,00"
800919,CAMISETA LOGO (M) NEGRA,"0,00"
800920,CAMISETA LOGO (L) NEGRA,"0,00"
800921,CAMISETA BLANCA (S),"0,00"
800922,CAMISETA BLANCA (M),"0,00"
800923,CAMISETA BLANCA (L),"0,00"
800924,CAMISETA BLANCA LOGO (S),"0,00"
800925,CAMISETA BLANCA LOGO (M),"0,00"
800926,CAMISETA BLANCA LOGO (L),"0,00"
800927,CAMISETA BLANCA LOGO (XL),"0,00"
800928,CAMISETA RESISTENCIA (S),"0,00"
800929,CAMISETA RESISTENCIA (M),"0,00"
800930,CAMISETA RESISTENCIA (L),"0,00"
800931,CAMISETA RESISTENCIA (XL),"0,00"
800932,CAMISETA 1906 (S),"0,00"
800933,CAMISETA 1906 (M),"0,00"
800934,CAMISETA 1906 (L),"0,00"
800935,CAMISETA 1906 (XL),"0,00"
800936,CAMISETA LOGO (XL),"0,00"
800937,BOLSA COMPRA,"0,00"
800938,BOLSA RESISTENCIA,"0,00"
800939,BOLSA BLANCA,"0,00"
800940,BOLSA GALICIA,"0,00"
800941,CAMISETA RAYAS (L),"0,00"
800942,CAMISETA RAYAS (XL),"0,00"
800943,CAMISETA RAYAS (XXL),"0,00"
800949,EXPOSITOR 4 BOTELLAS EG,"0,00"
800951,ALQUILER NEVERA NUEVA 1 M.,"19,00"
800952,"ALQUILER NEVERA NUEVA 1,5 M.","19,00"
800953,MESA EG (REST CORUÑA),"0,00"
800955,VASO PLASTICO EG 1 L. (50),"0,00"
800956,"VASO 0,33CL EG CRISTAL","0,00"
800957,VASO SIDRA PET (25) - 4236,"3,11"
800958,VASO TRANSP PP-300 B-50 C/40-80215,"2,36"
800959,VASO CUBATA/COCKTAIL TIRA (20)-4547(C/21T),"2,72"
800960,VASO PET PINTA (50UN),"4,81"
800961,VASO CHIQUITO CRISTALIZADO TIRA (30),"3,54"
800962,VASO HAPET 300/428ML (B50) - 4313,"6,65"
800963,ALQUILER NEVERA EVENTOS 2 M.,"9,00"
800964,TABURETE 1906,"0,00"
800965,MESA CALIBR. T. 1906,"0,00"
800990,MESA XACOBEO 2022,"0,00"
801040,VASO CERVEZA BODEGA 25 CL,"0,00"
801094,COPA MASTER GAMA EG 0.0 (6 UN),"0,00"
801110,BIDON NEGRO T. EG.,"0,00"
801110_,BIDON ROJO T. RED VINTAGE,"0,00"
801111,BIDON NEGRO T. RED VINTAGE,"0,00"
801111_,BIDON ROJO T. EG,"0,00"
801119,SILLA XACOBEO 2022,"0,00"
801133,NEVERA EXPOSITOR CABREIROA,"0,00"
801145,PIZARRA EXTE CABALLETE 1906,"0,00"
801146,PIZARRA MADERA INTERIOR 1906,"0,00"
801147,NEVERA EXPOSITOR 1906,"0,00"
801159,VASO rPP 300 EG 0.4L (50),"0,00"
801161,VASO rPP 400 EG 0.5L (50),"0,00"
801162,VASO rPP 200 EG 0.25L (100),"0,00"
801234,MESA ALTA E.G.,"0,00"
801235,TABURETE ALTO E.G,"0,00"
810930,VASO PINTA BREWDOG (12UN) 400CL,"0,00"
810931,VASO 1/2 PINTA BREWGOG (6UN),"0,00"
81483,LIPTON ZERO NR 250,"33,12"
866,PUSH POP ORIGINAL (20 und),"23,83"
87008,KAS LIMON RET. 200 24u,"22,32"
87031,KAS LIMON PET 2000 6u,"27,95"
87095,KAS NARANJA NR 200 24u,"31,19"
87096,KAS LIMON NR 200 24u,"31,19"
87102,SEVEN UP NR 200,"31,19"
87116,BITTER KAS NR 200,"37,91"
87121,KAS LIMON PET 1000 12u,"40,48"
87202,ROCKSTAR ORIG. LATA 250CL,"70,10"
87239,MOSTO GREIP BLANCO PET 1000,"43,25"
87240,MOSTO GREIP TINTO PET 1000,"43,25"
87386,PEPSI ZERO RET 200 24u,"24,00"
87388,PEPSI RET. 200 24u,"24,00"
87404,PEPSI ZERO S/CAF RET. 200 24u,"24,00"
87407,PEPSI ZERO LATA 330 24u,"38,90"
87424,PEPSI ZERO S/CAF LATA 330 24u,"38,90"
87426,PEPSI LATA 330 24u,"38,90"
87437,KAS LIMON LATA 330,"38,90"
87442,PEPSI ZERO PET 1750 6u,"27,94"
87450,PEPSI PET 1750 6u,"27,94"
87459,LIPTON TE LIMON ZERO LATA 330,"40,35"
87467,SEVEN UP FREE PET 1L,"40,48"
87469,LIPTON LIMON ZERO RET 350,"31,92"
87470,AQUARADE ZERO LIMON RET 350 24u,"31,92"
87471,AQUARADE ZERO NARANJA RET 350 24u,"31,92"
87472,AQUARADE NARANJA ZERO LATA 330,"40,35"
87473,AQUARADE LIMON ZERO LATA 330,"40,35"
87476,AQUARADE LIMON ZERO NR 250 24u,"35,28"
87477,AQUARADE NARANJA ZERO NR 250 24u,"35,28"
87479,SEVEN UP LATA 330,"38,90"
87505,SEVEN UP ZERO RET 200 24u,"22,56"
87506,KAS NARANJA RET. 200,"22,32"
87513,BITTER KAS RET. 200,"33,36"
87518,KAS NARANJA PET 2000 6u,"27,95"
87520,KAS NARANJA LATA 330,"38,90"
87522,KAS NARANJA PET 1000 12u,"40,48"
87525,LIPTON TE MANGO MARACUYA RET 350,"31,92"
900001,PAST. DESINF. IND. ALIMENTARIA 1 KG. (300),"11,81"
900002,PAST. DESINF. IND. ALIM. 500 GR. (150),"6,42"
900003,PAST. DESINF. SUPERFICIES 160 GR. (48),"2,51"
900004,PAST. DETERG. ANTICAL (450),"82,00"
900005,PAST. DETERG. ANTICAL (48),"8,33"
900006,PAST. DETERG. LAVAVAJILLAS (40),"8,70"
900007,PAST. DETERG. LAVAVAJILLAS (500),"80,59"
900008,PAST. DETERG. URINARIOS,"12,30"
900009,PAST. DETERG. WC (24),"6,84"
900010,PAST. DETERG. WC (450),"39,28"
900011,PAST. LIMP. ANTICAL 32 GR. (2X2),"3,90"
900012,PAST. LIMP. DESENGRASANTES 32 GR. (4X1),"3,90"
900013,PAST. LIMP. MULTISUPERFICIES  32 GR. (4X1),"3,90"
900014,PAST. LAVADORA OFLACHER CAJA (200),"48,14"
900015,CLEAN PILL DESINFECTANTE 1 KG.,"8,85"
90114,SCH TONICA HERITAGE 1L 12u,"40,27"
903,LAY SAL BAR,"0,76"
905,LAY CAM BAR,"0,76"
90535,SCH LIMON HER ZERO 1L 12u,"35,47"
90751,LCA GASEOSA 500 RET 20u,"15,80"
9201,CAJA CARTON JAMONERA NAVIDAD_24,"3,71"
92104,LCA GASEOSA PET 500 12 u.,"15,49"
92464,LCA CASERA LIMON PET 1L 12u,"23,82"
92474,LCA GASEOSA PET 1L 12u,"20,82"
92835,LCA TINTO VERANO GASEOSA 24u. 275 N/R,"36,31"
92845,LCA TINTO VERANO LIMON NR 24u. 275,"36,31"
93253,SCH SODA 200 RET 28u,"30,80"
93263,SCH TONIC ZERO RET 20 CL 28u,"30,80"
93265,SCH TONICA PREMIUM NR 20CL,"43,10"
944,CHUPA CHUPS LATA 150UN,"19,60"
94985,LCA CASERA LIMON 500 PET (12),"16,21"
95175,VIDA MELOCOTON 200 24u,"29,31"
95185,VIDA MOSTO 200 24u,"29,31"
95195,VIDA NARANJA 200 24u,"29,31"
95205,VIDA PIÑA 200 24u,"29,31"
95215,VIDA TOMATE 200 24u,"29,31"
95785,VIDA MOSTO 1L,"35,55"
95795,VIDA MELOCOTON 1L,"52,11"
95805,VIDA NARANJA 1L,"52,11"
95815,VIDA PIÑA 1L,"52,11"
95894,TRINA NARAN Z 275 RET. 24UN,"24,48"
9614,BANDEJA ABIERTA BLACK_24,"2,07"
9641,CAJA 1 BOT CERRADA BLACK_24,"0,96"
9642,CAJA 2 BOT CERRADA BLACK_24,"1,67"
9643,CAJA 3 BOT CERRADA BLACK_24,"1,85"
999910,SIN STOCK,"100,00"
999911,FUENTE DE AGUA NOXTER,"297,74"
999988,TARJETA SOLRED GALICIA,"0,00"
999989,ALQUILER NAVE MES: ENERO,"0,00"
999990,ALEXA ALTAVOZ,"0,00"
999991,VEHICULO AVERIADO,"247,93"
9999910,PRODUCTOS AL 2%,"0,00"
999992,PROMOCION CRUZADA BOTELLA HOSTELERIA SEP 20,"561,60"
999993,PRODUCTOS AL 21%,"0,00"
999994,PRODUCTOS AL 10%,"0,00"
999995,PRODUCTOS AL 4%,"0,00"
999996,MOBILIARIO TERRAZA,"907,68"
999997,COLABORACION CAMPAÑA OFERTA NAVIDAD VALLE DE TENA,"0,00"
999998,SERVICIOS LOGISTICOS,"0,00"
999999,Envío por mensajería,"0,00"
AB00,ABONO PROMOCIONES 0%,"0,00"
AB02,ABONO PROMOCIONES 2%,"0,00"
AB04,ABONO PROMOCIONES IVA 4%,"0,00"
AB10,ABONO PROMOCIONES IVA 10%,"0,00"
AB21,ABONO PROMOCIONES 21%,"0,00"
AC04,ABONO CADUCADO 4%,"0,00"
AC10,ABONO CADUCADO 10%,"0,00"
AC21,ABONO CADUCADO 21%,"0,00"
AD,AGUA DESTILADA 5L.,"1,65"
AE21,ABONO ENVASES AVERIADOS,"0,00"
AG10,ARTICULOS AGUINALDOS 10,"0,00"
AG1001,CESTA MIMBRE P. TERUEL CPS001,"84,61"
AG100110,CESTA MIMBRE P. CURADA CPS001 (10%),"47,31"
AG100121,CESTA MIMBRE P. CURADA CPS001 (21%),"37,30"
AG1002,CESTA MIMBRE P. TERUEL D.O.P. CPS002,"120,32"
AG100210,CESTA MIMBRE P. TERUEL D.O.P. CPS002 (10%),"70,38"
AG100221,CESTA MIMBRE P. TERUEL D.O.P. CPS002 (21%),"49,94"
AG1003,CESTA MIMBRE P. TERUEL D.O.P. CPS003,"135,73"
AG100310,CESTA MIMBRE P. TERUEL D.O.P. CPS003 (10%),"66,33"
AG100321,CESTA MIMBRE P. TERUEL D.O.P. CPS003 (21%),"69,40"
AG1004,CESTA MIMBRE J. TERUEL CPS004,"178,64"
AG100410,CESTA MIMBRE J. TERUEL CPS004 (10%),"108,68"
AG100421,CESTA MIMBRE J. TERUEL CPS004 (21%),"69,96"
AG1005,CESTA MIMBRE J. TERUEL D.O.P. CPS005,"201,05"
AG100510,CESTA MIMBRE J. TERUEL D.O.P. CPS005 (10%),"132,60"
AG100521,CESTA MIMBRE J. TERUEL D.O.P. CPS005 (21%),"68,45"
AG1006,CESTA MIMBRE J. IBÉRICO CPS006,"320,41"
AG100610,CESTA MIMBRE J. IBÉRICO CPS006 (10%),"192,29"
AG100621,CESTA MIMBRE J. IBÉRICO CPS006 (21%),"128,12"
AG101110,BAUL PEQUEÑO CB011 PORTA 10,"30,69"
AG101121,BAUL PEQUEÑO CB011 PORTA 21,"45,06"
AG1012,CESTAS Y DETALLES CD012,"52,27"
AG101210,CESTAS Y DETALLES CD012 (10%),"13,24"
AG101221,CESTAS Y DETALLES CD012 (21%),"39,03"
AG1108,CAJA SURTIDA CS108,"36,00"
AG110810,CAJA SURTIDA CS108 (10%),"20,15"
AG110821,CAJA SURTIDA CS108 (21%),"15,85"
AG150210,JAMONERO PALETA CJ502 (10%),"42,88"
AG150221,JAMONERO PALETA CJ502 (21%),"14,32"
AG1509,JAMONERO D.O.P TERUEL CJ509,"118,26"
AG150910,JAMONERO D.O.P TERUEL CJ509 (10%),"103,60"
AG150921,JAMONERO D.O.P TERUEL CJ509 (21%),"14,66"
AG1510,JAMONERO J. CJ510,"125,31"
AG151010,JAMONERO J. CJ510 (10%),"87,62"
AG151021,JAMONERO J. CJ510 (21%),"37,69"
AG1511,JAMONERO D.O.P TERUEL CJ511,"136,43"
AG151110,JAMONERO D.O. TERUEL CJ511 (10%),"107,30"
AG151121,JAMONERO D.O. TERUEL CJ511 (21%),"29,13"
AG1514,JAMONERO IBERICO CJ514,"164,86"
AG151410,JAMONERO J.IBERICO CJ514 (10%),"159,39"
AG151421,JAMONERO J.IBERICO CJ514 (21%),"5,47"
AG1516,JAMONERO IBERICO CJ516,"187,18"
AG151610,JAMONERO IBERICO CJ516 (10%),"163,92"
AG151621,JAMONERO IBERICO CJ516 (21%),"23,26"
AG186010,GOURMET 1860 PORTAZGO 10,"62,96"
AG186021,GOURMET 1860 PORTAZGO 21,"70,00"
AG18604,GOURMET 1860 PORTAZGO 4,"18,00"
AG1A10,JAMONERA 10 PORTAZGO,"325,96"
AG21,ARTICULOS AGUINALDOS 21,"0,00"
AG4,ARTICULOS AGUINALDOS 4,"0,00"
AG615,CAJA MADERA 3  BOTELLAS CHAMPAGNE,"98,50"
AG63110,ESTUCHE LUJO 2 BOTELLAS,"4,90"
AG63121,ESTUCHE LUJO 2 BOTELLAS 21,"16,60"
AG66910,ESTUCHE MOET PORTAL 10,"7,30"
AG66921,ESTUCHE MOET PORTAL 21,"131,70"
AG929,ESTUCHE LUJO ARAGON 929 4,"2,11"
AG92910,ESTUCHE LUJO ARAGON 929 10,"6,28"
AG92921,ESTUCHE LUJO ARAGON 929 21,"14,51"
AG951,CORTESIA 951 PORTAZGO,"26,96"
AGA102,REF. A-102 PORTAZGO,"16,96"
AGAA,ARMONICO AMALA PORTAZGO,"12,96"
AGAAN,ATUN AL NATURAL 120G PORTHOS (PR203),"3,92"
AGAAO,ATUN AC. OLIVA 120G PORTHOS (PR202),"4,16"
AGAB,ARMONICO BAKU,"18,96"
AGAB,ARMONICO BAKU PORTAZGO 10,"12,00"
AGAB21,ARMONICO BAKU PORTAZGO 21,"6,96"
AGAE,ARMONICO EMITA PORTAZGO,"34,96"
AGAE10,ARMONICO EMITA PORTAZGO 10,"18,00"
AGAE21,ARMONICO EMITA PORTAZGO 21,"11,96"
AGALGA,LOARRE ALMENDRA GARRAPIÑADA,"0,00"
AGALTOS,LOARRE ALMENDRA TOSTADA,"5,91"
AGARM10,ARMONICO AMALA 10,"6,96"
AGARM21,ARMONICO AMALA 21,"6,00"
AGARMF10,ARMONICO FAUNO 10,"44,96"
AGB201,REF. B-201 PORTAZGO,"12,96"
AGB206,REF. B-206 PORTAZGO,"77,74"
AGBA,BANDEJA AZUL PORTAZGO,"79,96"
AGBA,BAUL ALTAR PORTAZGO,"150,96"
AGBA10,BAUL ALTAR PORTAZGO 10,"72,96"
AGBA2,BAUL ALTAR PORTAZGO 2,"5,00"
AGBA21,BAUL ALTAR PORTAZGO 21,"73,00"
AGBABR10,BANDEJA BRISA PORTAZGO 10,"60,96"
AGBABR2,BANDEJA BRISA PORTAZGO 2,"5,00"
AGBABR21,BANDEJA BRISA PORTAZGO 21,"24,00"
AGBACE,BANDEJA CELESTE 4,"4,50"
AGBACE10,BANDEJA CELESTE 10,"71,46"
AGBACE21,BANDEJA CELESTE 21,"24,00"
AGBADA,BANDEJA DAMAS 71 PORTAZGO 4,"4,50"
AGBADA7110,BANDEJA DAMAS 71 PORTAZGO 10,"5,40"
AGBADA7121,BANDEJA DAMAS 71 PORTAZGO 21,"6,00"
AGBADE,BANDEJA DELFINO PORTAZGO 4,"9,00"
AGBADE10,BANDEJA DELFINO PORTAZGO 10,"84,96"
AGBADE21,BANDEJA DELFINO PORTAZGO 21,"36,00"
AGBAZ10,BANDEJA AZUL PORTAZGO 10,"55,96"
AGBAZ21,BANDEJA AZUL PORTAZGO 21,"24,00"
AGBB,BANDEJA BRISA PORTAZGO,"89,96"
AGBBRU,BAUL BRÚJULA PORTAZGO,"229,96"
AGBBRU10,BAUL BRÚJULA PORTAZGO 10,"129,96"
AGBBRU2,BAUL BRÚJULA PORTAZGO 2,"10,00"
AGBBRU21,BAUL BRÚJULA PORTAZGO 21,"90,00"
AGBD72,BANDEJA DAMAS 72 PORTAZGO,"23,96"
AGBD73,BANDEJA DAMAS 73 PORTAZGO,"34,96"
AGBDA72,BANDEJA DAMAS 72 PORTAZGO 2,"5,00"
AGBDA7210,BANDEJA DAMAS 72 PORTAZGO 10,"18,96"
AGBER,MILHOJAS DE BERENJENA 175 GR.,"3,13"
AGBLPA,BLOC DE PATO LATA 200 G. LOU CROQUANT 24,"8,39"
AGBOMLI,ESTUCHE BOMBONES LINDT 237 G.,"9,95"
AGBR91110,DETALLE BRINDIS 911 PORTAZGO 10,"23,90"
AGBR91121,DETALLE BRINDIS 911 PORTAZGO 21,"16,00"
AGBRC10,BANDEJA CAMPANILLAS EL PORTAZGO 10,"13,50"
AGBRC21,BANDEJA CAMPANILLAS EL PORTAZGO 21,"18,96"
AGBRC4,BANDEJA CAMPANILLAS EL PORTAZGO 4,"4,50"
AGBS,MEDALLONES SURTIDO BRESCÓ 250 GR. 24,"7,50"
AGBSL,BACALAO A LA SIDRA (LAUREL),"7,18"
AGBZ,BONITO LOMOS A.O. ZALLO 220 GRS 24,"6,74"
AGC401,COLECCION C-401,"29,96"
AGC5M,CONFIT 5 MUSLOS MALVASIA 24,"31,01"
AGC7A,CONFIT 7 ALAS MALVASIA 23,"15,67"
AGC82,CAJA 82 PORTAZGO,"28,96"
AGC83,CAJA 83 PORTAZGO,"34,96"
AGC8310,CAJA 83 PORTAZGO 10,"20,00"
AGC8321,CAJA 83 PORTAZGO 21,"14,96"
AGC84,CAJA 84 PORTAZGO,"40,96"
AGC86,CAJA 86 PORTAZGO,"44,96"
AGC87,CAJA 87 PORTAZGO,"50,96"
AGC88,CAJA 88 PORTAZGO,"54,96"
AGC92,CAJA 92 PORTAZGO,"76,96"
AGC93,CAJA 93 PORTAZGO,"99,96"
AGC9321,CAJA 93 PORTAZGO 21,"42,00"
AGC94,CAJA 94 PORTAZGO,"109,96"
AGC9410,CAJA 94 PORTAZGO 10,"52,96"
AGC942,CAJA 94 PORTAZGO 2,"9,00"
AGC9421,CAJA 94 PORTAZGO 21,"48,00"
AGC95,CAJA 95 PORTAZGO,"135,96"
AGC953,CORTESIA 953 PORTAZGO,"39,96"
AGC95310,CORTESIA 953 PORTAZGO 10,"29,96"
AGC95321,CORTESIA 953 PORTAZGO 21,"10,00"
AGC954,CORTESIA 954 PORTAZGO,"49,96"
AGC95410,CORTESIA 954 PORTAZGO 10,"13,00"
AGC95421,CORTESIA 954 PORTAZGO 21,"36,96"
AGC955,CORTESIA 955 PORTAZGO,"59,96"
AGC95510,CORTESIA 955 PORTAZGO 10,"18,96"
AGC95521,CORTESIA 955 PORTAZGO 21,"41,00"
AGCA515,CAPRICHO RISCAL 515 EL PORTAL,"85,50"
AGCA608,CAJA M. VINO 608 EL PORTAL,"39,90"
AGCA67010,CAPRICHO 670 EL PORTAL 10,"6,39"
AGCA67021,CAPRICHO 670 EL PORTAL 21,"22,61"
AGCA67110,CAPRICHO 671 EL PORTAL 10,"6,39"
AGCA67121,CAPRICHO 671 EL PORTAL 21,"22,61"
AGCA82,CAJA 82 PORTAZGO 10,"16,00"
AGCA8221,CAJA 82 PORTAZGO 21,"12,96"
AGCA8410,CAJA 84 PORTAZGO 10,"23,00"
AGCA842,CAJA 84 PORTAZGO  2,"5,00"
AGCA8421,CAJA 84 PORTAZGO 21,"12,96"
AGCA8610,CAJA 86 PORTAZGO 10,"22,96"
AGCA862,CAJA 86 PORTAZGO 2,"5,00"
AGCA8621,CAJA 86 PORTAZGO 21,"17,00"
AGCA8710,CAJA 87 PORTAZGO 10,"27,96"
AGCA872,CAJA 87 PORTAZGO 2,"5,00"
AGCA8721,CAJA 87 PORTAZGO 21,"18,00"
AGCA8810,CAJA 88 PORTAZGO 10,"23,96"
AGCA882,CAJA 88 PORTAZGO 2,"5,00"
AGCA8821,CAJA 88 PORTAZGO 21,"26,00"
AGCA89,CAJA 89 PORTAZGO,"60,96"
AGCA8910,CAJA 89 PORTAZGO 10,"33,00"
AGCA892,CAJA 89 PORTAZGO 2,"5,00"
AGCA8921,CAJA 89 PORTAZGO 21,"22,96"
AGCA90,CAJA 90 PORTAZGO,"64,96"
AGCA9010,CAJA 90 PORTAZGO 10,"35,96"
AGCA902,CAJA 90 PORTAZGO 2,"5,00"
AGCA9021,CAJA 90 PORTAZGO 21,"24,00"
AGCA91,CAJA 91 PORTAZGO,"69,96"
AGCA9110,CAJA 91 PORTAZGO 10,"35,96"
AGCA912,CAJA 91 PORTAZGO 2,"5,00"
AGCA9121,CAJA 91 PORTAZGO 21,"29,00"
AGCA9210,CAJA 92 PORTAZGO 10,"36,00"
AGCA922,CAJA 92 PORTAZGO 2,"5,00"
AGCA9221,CAJA 92 PORTAZGO 21,"35,96"
AGCA9310,CAJA 93 PORTAZGO 10,"52,96"
AGCA932,CAJA 93 PORTAZGO 2,"5,00"
AGCA9510,CAJA 95 PORTAZGO 10,"65,00"
AGCA952,CAJA 95 PORTAZGO 2,"12,00"
AGCA9521,CAJA 95 PORTAZGO 21,"58,96"
AGCA955,CAJA 95 PORTAZGO 5,"5,00"
AGCAAO,CABALLA AHUM. AC OLIVA 105G PORTHOS (PR502),"6,18"
AGCAB10,JAMONERA ABELIA PORTAZGO 10,"36,96"
AGCAB21,JAMONERA ABELIA PORTAZGO 21,"12,00"
AGCACAP10,CAJA CAPRICHOS 655 EL PORTAL 10,"24,53"
AGCACAP21,CAJA CAPRICHOS 655 EL PORTAL 21,"72,34"
AGCACAP3,CAJA CAPRICHOS 653 EL PORTAL 4,"15,38"
AGCACAP310,CAJA CAPRICHOS 653 EL PORTAL 10,"10,69"
AGCACAP321,CAJA CAPRICHOS 653 EL PORTAL 21,"38,43"
AGCACAP4,CAJA CAPRICHOS 654 EL PORTAL 10,"21,96"
AGCACAP410,CAJA CAPRICHOS 654 EL PORTAL 21,"37,94"
AGCACAP54,CAJA CAPRICHOS 655 EL PORTAL 4,"3,03"
AGCAD2,CAJA DELEITA PORTAZGO 2,"10,00"
AGCADE10,CAJA DELEITA PORTAZGO 10,"40,96"
AGCAM,CESTA AMANDA PORTAZGO,"84,96"
AGCAM10,CESTA AMANDA PORTAZGO 10,"70,96"
AGCAM21,CESTA AMANDA PORTAZGO 21,"14,00"
AGCAP02,CAPRICHO 02 PORTAZGO,"39,96"
AGCAP0210,CAPRICHO 02 PORTAZGO 10,"30,96"
AGCAP0221,CAPRICHO 02 PORTAZGO 21,"9,00"
AGCAP519,CAPRICHO VARIETALES BLANCO REF. 519,"9,19"
AGCAP51921,CAPRICHO VARIETALES BLANCO REF. 519 21,"34,31"
AGCARI,CAJA ARIEL,"39,96"
AGCARI,CAJA ARIEL PORTAZGO 10,"34,96"
AGCARI2,CAJA ARIEL PORTAZGO 2,"5,00"
AGCB2,CESTA BIANCA PORTAZGO 2,"5,00"
AGCBI,CESTA BIANCA PORTAZGO,"150,96"
AGCBI10,CESTA BIANCA PORTAZGO 10,"103,96"
AGCBI21,CESTA BIANCA PORTAZGO 21,"42,00"
AGCCB,CHOCOLATE PARA EL CAFÉ 250 G. BRESCO 23,"4,32"
AGCD,CAJA DELEITA PORTAZGO,"50,96"
AGCD,CESTA DORA PORTAZGO,"395,96"
AGCD,CONFIT DELICIAS LATON 25P,"14,66"
AGCD10,CESTA DORA PORTAZGO 10,"290,56"
AGCD21,CESTA DORA PORTAZGO 21,"84,40"
AGCD4,CESTA DORA PORTAZGO 4,"21,00"
AGCE,CESTA EMIRETH PORTAZGO,"699,96"
AGCE10,CESTA EMIRETH PORTAZGO 10,"451,96"
AGCE10210,CESTA ESPECIAL 102 EL PORTAL 10,"12,55"
AGCE10221,CESTA ESPECIAL 102 EL PORTAL 21,"46,95"
AGCE11210,CESTA 112 EL PORTAL 10,"204,75"
AGCE11221,CESTA 112 EL PORTAL  21,"139,65"
AGCE1124,CESTA 112 EL PORTAL 4,"5,60"
AGCE118,CESTA PALETA BELLOTA 118 EL PORTAL 4,"9,86"
AGCE11810,CESTA PALETA BELLOTA 118 EL PORTAL 10,"179,01"
AGCE11821,CESTA PALETA BELLOTA 118 EL PORTAL 21,"110,13"
AGCE21,CESTA EMIRETH PORTAZGO 21,"230,00"
AGCE4,CESTA EMIRETH PORTAZGO 4,"18,00"
AGCET,CAJA ESPECIAL TRADICION PORTAZGO,"72,96"
AGCET10,CAJA ESPECIAL TRADICION PORTAZGO 10,"36,00"
AGCET2,CAJA ESPECIAL TRADICION PORTAZGO 2,"12,00"
AGCET21,CAJA ESPECIAL TRADICION PORTAZGO 21,"24,96"
AGCEV,CAJA ESP VEGANA PORTAZGO,"72,96"
AGCGT93,CAJA GIN TONIC G93  PORTAZGO 10,"25,00"
AGCGT9321,CAJA GIN TONICA G93 PORTAZGO 21,"47,96"
AGCH,MEDALLONES CHOCOLATE BRESCÓ 250 GR. 24,"6,46"
AGCHG,CHORIZO NATURAL DULCE V. GRAUS 280 GRS 24,"3,64"
AGCHIB,CHORIZO IBERICO VELA (ARGAL) 24,"3,08"
AGCHL,MEDALLONES CHOCO-LECHE BRESCÓ 250 GR. 24,"5,00"
AGCHR,CHIVAS REGAL 50 cl.,"9,89"
AGCJR,CENTRO JAMON RVA (MAIRAL) 24,"15,14"
AGCMB,COCKTAIL MENU BOMBONES 260 G (CA6355),"22,24"
AGCMLA,CONFIT MUSLOS T. 2P LAGUILHON,"8,39"
AGCORT10,CORTESIA 952 PORTAZGO 10,"16,96"
AGCORT21,CORTESIA 952 PORTAZGO 21,"16,00"
AGCORT952,CORTESIA 952 PORTAZGO 24,"32,96"
AGCP,CIRUELA PASA 300 GR.,"1,48"
AGCPA,CONFIT DE PATO 12 ALAS MARTIKO,"6,82"
AGCS,CARE SYRAH 75 CL.,"0,00"
AGCT,CHRISTMAS TRINEO DE SANTA TIN 225 G. (FH772),"15,28"
AGCV,CESTA ESPECIAL VEGANA PORTAZGO,"72,96"
AGCV10,CAJA ESPECIAL VEGANA (10) PORTAZGO,"38,00"
AGCV21,CAJA ESPECIAL VEGANA (21) PORTAZGO,"34,96"
AGD,WHISKY DALMORE,"54,30"
AGD7310,BANDEJA DAMAS 73 PORTAZGO 10,"15,00"
AGD732,BANDEJA DAMAS 73 PORTAZGO 2,"5,00"
AGD7321,BANDEJA DAMAS 73 PORTAZGO 21,"14,96"
AGDS10,DETALLE SALADO EL PORTAL 10,"6,19"
AGDS21,DETALLE SALADO EL PORTAL 21,"10,70"
AGDS4,DETALLE SALADO EL PORTAL 4,"2,01"
AGE2,ARMONICO EMITA PORTAZGO 2,"5,00"
AGEDM,ESPARRAGO 580 6/8 DON MENDAVIES 24,"7,02"
AGEM10,ESTUCHE MAGNUM ARAGON 928 10,"6,72"
AGEM21,ESTUCHE MAGNUM ARAGON 928 21,"28,78"
AGEMP,EMPIÑONADAS,"5,50"
AGESAP10,ESTUCHE SURTIDO APOLO PORTAZGO 10,"10,46"
AGESAP21,ESTUCHE SURTIDO APOLO PORTAZGO 21,"6,00"
AGESAP4,ESTUCHE SURTIDO APOLO PORTAZGO 4,"4,50"
AGESB,ESTUCHE SURTIDO BASTIAN PORTAZGO,"26,96"
AGESBAS10,ESTUCHE SURTIDO BASTIÁN PORTAZGO  10,"11,96"
AGESBAS2,ESTUCHE SURTIDO BASTIÁN PORTAZGO 2,"5,00"
AGESBAS21,ESTUCHE SURTIDO BASTIÁN PORTAZGO 21,"10,00"
AGESCALY,ESTUCHE SURTIDO CALYPSO PORTAZGO 24,"32,96"
AGESCALY10,ESTUCHE SURTIDO CALYPSO PORTAZGO 10,"15,96"
AGESCALY2,ESTUCHE SURTIDO CALYPSO PORTAZGO 2,"5,00"
AGESCALY21,ESTUCHE SURTIDO CALYPSO PORTAZGO 21,"12,00"
AGESD,ESTUCHE SURTIDO DANA PORTAZGO,"42,96"
AGESDA2,ESTUCHE SURTIDO DANA PORTAZGO 2,"6,00"
AGESDAN10,ESTUCHE SURTIDO DANA PORTAZGO 10,"20,96"
AGESDAN21,ESTUCHE SURTIDO DANA PORTAZGO 21,"16,00"
AGESP,AGUINALDO ESPECIAL_GV1,"42,25"
AGESP10,AGUINALDO ESPECIAL_GV (10%),"0,00"
AGESP2,AGUINALDO ESPECIAL_GV2,"81,47"
AGESP21,AGUINALDO ESPECIAL_GV (21%),"0,00"
AGESP210,AGUINALDO ESPECIAL_GV2 (10%),"0,00"
AGESP221,AGUINALDO ESPECIAL_GV2 (21%),"0,00"
AGEST501,ESTUCHE 501,"19,96"
AGEST505,ESTUCHE 505,"56,14"
AGEST506,ESTUCHE 506,"50,96"
AGEST628,ESTUCHE 628 EL PORTAL 10,"2,20"
AGEST628 21,ESTUCHE 628 EL PORTAL 21,"11,30"
AGEST917,ESTUCHE VINO ARAGÓN 917,"12,90"
AGFLO,FLORENTINOS 24,"5,13"
AGFLOC,FLORENTINOS DE CHOCOLATE 24,"7,04"
AGFM675,FUNDA MARRON ESTUCHE 6/75CL.,"0,46"
AGFSN,FUENTES POLVORONES SURTIDO NAVIDEÑO,"1,95"
AGG1800,GOURMET 1800 PORTAZGO,"58,01"
AGG1820,GOURMET 1820 PORTAZGO,"69,96"
AGG1850,GOURMET 1850 PORTAZGO,"139,96"
AGG185010,GOURMET 1850 PORTAZGO 10,"41,00"
AGG18502,GOURMET 1850 PORTAZGO 2,"10,00"
AGG185021,GOURMET 1850 PORTAZGO 21,"88,96"
AGG1860,GOURMET 1860 PORTAZGO,"150,96"
AGG1870,GOURMET 1870 PORTAZGO,"199,96"
AGG187010,GOURMET 1870 PORTAZGO 10,"32,96"
AGG187021,GOURMET 1870 PORTAZGO 21,"167,00"
AGG94,CAJA GIN TONIC EL PORTAZGO G94 10,"14,00"
AGG9421,CAJA GIN TONIC EL PORTAZGO G94 21,"45,90"
AGGML,GIN MOM LOVE,"13,72"
AGGOU180010,GOURMET 1800 PORTAZGO 10,"28,96"
AGGOU18002,GOURMET 1800 PORTAZGO 2,"5,00"
AGGOU180021,GOURMET 1800 PORTAZGO 21,"24,05"
AGGOU1810,GOURMET 1810 PORTAZGO,"4,50"
AGGOU181010,GOURMET 1810 PORTAZGO 10,"37,40"
AGGOU181021,GOURMET 1810 PORTAZGO 21,"19,00"
AGGOU182010,GOURMET 1820 PORTAZGO 10,"35,40"
AGGOU182021,GOURMET 1820 PORTAZGO 21,"34,56"
AGGOU1830,GOURMET 1830 PORTAZGO 4,"18,00"
AGGOU183010,GOURMET 1830 PORTAZGO 10,"46,96"
AGGOU183021,GOURMET 1830 PORTAZGO 21,"26,00"
AGGOU1840,GOURMET 1840 PORTAZGO 24,"119,96"
AGGOU184010,GOURMET 1840 PORTAZGO 10,"40,00"
AGGOU184021,GOURMET 1840 PORTAZGO 21,"79,96"
AGIJAMC,JAMON CONTRAS RODRIGO 23,"13,91"
AGJ1,JAMONERA 1 PORTAZGO,"55,96"
AGJ2,JAMONERA 2 PORTAZGO,"66,96"
AGJ210,JAMON DUROC GRAN RVA. SUMMUM REF. J2 10,"78,77"
AGJ221,JAMON DUROC GRAN RVA. SUMMUM REF. J2 21,"17,23"
AGJ3,JAMONERA 3 PORTAZGO,"76,96"
AGJ310,JAMÓN D.O. TERUEL G.PREMIER PORTAL 10,"111,88"
AGJ321,JAMÓN D.O. TERUEL G.PREMIER PORTAL 21,"17,12"
AGJ4,JAMONERA 4 PORTAZGO,"92,96"
AGJ410,JAMON IBERICO AZUAGA EL PORTAL 10,"149,92"
AGJ421,JAMON IBERICO AZUAGA EL PORTAL 21,"19,08"
AGJ5,JAMONERA 5 PORTAZGO,"109,96"
AGJ510,JAMÓN IBÉRICO J.ÁGUILA ET. ROJA PORTAL 10,"214,29"
AGJ521,JAMÓN IBÉRICO J.ÁGUILA ET. ROJA PORTAL 21,"19,71"
AGJ6,JAMONERA 6 PORTAZGO,"135,96"
AGJA1010,JAMONERA 10 PORTAZGO 10,"251,96"
AGJA102,JAMONERA 10 PORTAZGO 2,"22,00"
AGJA1021,JAMONERA 10 PORTAZGO 21,"52,00"
AGJA110,JAMONERA 1 PORTAZGO 10,"44,40"
AGJA121,JAMONERA 1 PORTAZGO 21,"11,56"
AGJA210,JAMONERA 2 PORTAZGO 10,"50,40"
AGJA22,JAMONERA 2 PORTAZGO 2,"5,00"
AGJA221,JAMONERA 2 PORTAZGO 21,"11,56"
AGJA310,JAMONERA 3 PORTAZGO 10,"56,96"
AGJA32,JAMONERA 3 PORTAZGO 2,"5,00"
AGJA321,JAMONERA 3 PORTAZGO 21,"15,00"
AGJA410,JAMONERA 4 PORTAZGO 10,"77,96"
AGJA42,JAMONERA 4 PORTAZGO 2,"5,00"
AGJA421,JAMONERA 4 PORTAZGO 21,"10,00"
AGJA510,JAMONERA 5 PORTAZGO 10,"90,96"
AGJA52,JAMONERA 5 PORTAZGO 2,"5,00"
AGJA521,JAMONERA 5 PORTAZGO 21,"14,00"
AGJA610,JAMONERA 6 PORTAZGO 10,"101,96"
AGJA62,JAMONERA 6 PORTAZGO 2,"5,00"
AGJA621,JAMONERA 6 PORTAZGO 21,"29,00"
AGJA7,JAMONERA 7 PORTAZGO 4,"4,50"
AGJA710,JAMONERA 7 PORTAZGO 10,"111,46"
AGJA721,JAMONERA 7 PORTAZGO 21,"24,00"
AGJAC10,JAMONERA COTULA 10,"80,96"
AGJAC21,JAMONERA COTULA 21,"16,00"
AGJAE,JAMONERA ERICA PORTAZGO,"119,96"
AGJAE10,JAMONERA ERICA PORTAZGO 10,"94,96"
AGJAE2,JAMONERA ERICA PORTAZGO 2,"6,00"
AGJAE21,JAMONERA ERICA PORTAZGO 21,"19,00"
AGJAFI10,JAMONERA FICUS PORTAZGO 10,"182,96"
AGJAFI2,JAMONERA FICUS PORTAZGO 2,"5,00"
AGJAFI21,JAMONERA FICUS PORTAZGO 21,"22,00"
AGJAMAB,JAMONERA ABELIA PORTAZGO,"48,96"
AGJATAL10,JAMONERA TRAD. ARTESANA LUJO PORTAZGO 10,"133,96"
AGJATAL21,JAMONERA TRAD. ARTESANA LUJO PORTAZGO 21,"26,00"
AGJC,JAMONERA COTULA PORTAZGO,"96,96"
AGJCCC,JAMON CEBO DE CAMPO IB 5B CENTRO MEDIOS 24,"32,97"
AGJD,JAMONERA DURANTA PORTAZGO,"96,96"
AGJD10,JAMONERA DURANTA 10 PORTAZGO,"76,96"
AGJD2,JAMONERA DURANTA 2 PORTAZGO,"6,00"
AGJD21,JAMONERA DURANTA 21 PORTAZGO,"14,00"
AGJESE,JAMON E. SERRANA 7.5KG ARGAL - 24,"70,69"
AGJF,JAMONERA FICUS PORTAZGO,"209,96"
AGJIBALJ,JAMON IBERICO CEBO 50% ALJOMAR 22,"130,21"
AGJR7P,JAMON RESERVA 16M 7 PICOS 7/7.5KG,"64,56"
AGJS,JAMON SERRANO BODEGA ETG ELIDIO_24,"85,75"
AGJT,JAMONERA TRADICION PORTAZGO,"68,96"
AGJT10,JAMONERA TRADICION PORTAZGO 10,"53,00"
AGJT21,JAMONERA TRADICION PORTAZGO 21,"15,96"
AGJTAL,JAMONERA TRAD. ARTESANA LUJO PORTAZGO,"169,96"
AGJTAL2,JAMONERA TRAD. ARTESANA LUJO PORTAZGO 2,"10,00"
AGL1010,LOTE 10 EL PORTAL 10,"16,71"
AGL1021,LOTE 10 EL PORTAL 21,"29,09"
AGL1110,LOTE 11 EL PORTAL 10,"17,75"
AGL1121,LOTE 11 EL PORTAL 21,"29,96"
AGL114,LOTE 11 EL PORTAL 4,"2,19"
AGL1210,LOTE 12 EL PORTAL 10,"34,45"
AGL1221,LOTE 12 EL PORTAL 21,"25,45"
AGL13,LOTE 13 EL PORTAL 4,"0,00"
AGL1310,LOTE 13 EL PORTAL 10,"34,67"
AGL1321,LOTE 13 EL PORTAL 21,"25,23"
AGL1510,LOTE 15 EL PORTAL 10,"37,40"
AGL1521,LOTE 15 EL PORTAL 21,"28,50"
AGL17,LOTE 17 EL PORTAL  4,"5,31"
AGL1710,LOTE 17 EL PORTAL 10,"42,76"
AGL1721,LOTE 17 EL PORTAL  21,"31,83"
AGL18,LOTE 18 EL PORTAL  4,"1,91"
AGL1810,LOTE 18 EL PORTAL  10,"61,37"
AGL1821,LOTE 18 EL PORTAL 21,"36,10"
AGL19,LOTE 19 EL PORTAL 4,"5,78"
AGL1910,LOTE 19 EL PORTAL 10,"70,10"
AGL1921,LOTE 19 EL PORTAL 21,"35,02"
AGL20,LOTE 20 EL PORTAL 4,"5,43"
AGL2010,LOTE 20 EL PORTAL 10,"43,73"
AGL2021,LOTE 20 EL PORTAL 21,"70,74"
AGL410,LOTE 4 EL PORTAL 10,"7,88"
AGL421,LOTE 4 EL PORTAL 21,"18,02"
AGL64510,LINGOTE ORO 645 EL PORTAL 10,"4,24"
AGL64521,LINGOTE ORO 645 EL PORTAL 21,"44,76"
AGL65710,CAPRICHOS DE PATO 657 EL PORTAL 10,"23,71"
AGL65721,CAPRICHOS DE PATO 657 EL PORTAL 21,"36,19"
AGL9,LOTE 9 EL PORTAL 4,"2,14"
AGL90010,LOTE ARAGON 900 EL PORTAL 10,"7,57"
AGL90021,LOTE ARAGON 900 EL PORTAL 21,"18,93"
AGL90210,LOTE ARAGÓN 902 10,"17,48"
AGL90221,LOTE ARAGÓN 902 21,"30,31"
AGL9024,LOTE ARAGÓN 902 4,"2,11"
AGL90310,LOTE ARAGÓN 903 10,"21,38"
AGL90321,LOTE ARAGÓN 903 21,"33,33"
AGL9034,LOTE ARAGÓN 903 4,"5,19"
AGL910,LOTE 9 EL PORTAL 10,"17,20"
AGL917,LOTE ARAGÓN 917,"12,90"
AGL921,LOTE 9 EL PORTAL 21,"24,46"
AGL92210,LOTE ARAGÓN 929 10,"6,28"
AGL92921,LOTE ARAGÓN 929 21,"14,51"
AGL9294,LOTE ARAGÓN 929 4,"2,11"
AGLARM,LONGANIZA ARAGON 250G MAIRAL,"3,67"
AGLAV,LINDOR AVELLANA 2KG LINDT,"41,88"
AGLB,TURRON LACASA BLANDO 150 GR. 24,"2,06"
AGLDL,LINDOR DULCE DE LECHE 2KG LINDT,"41,88"
AGLEX,LOMO EXTREMADURA 1/2 ARGAL 24-021333,"17,67"
AGLG,SURTIDO DE LENGUAS DE GATO 24,"3,58"
AGLGV,LOTES GRAN VOS,"79,24"
AGLINN,LINDOR NARANJA 2KG LINDT,"41,88"
AGLN,LOTE NAVIDEÑO,"272,70"
AGLN2,LOTE NAVIDEÑO,"90,00"
AGLON,LONGANIZA DE PUEBLO V. GRAUS 280 G 24,"3,50"
AGLONJA,LONCHAS JAMON SERRANO 500 GR. MAIRAL,"7,13"
AGLOSA,LOTE AGUINALDO BOTELLAS VINO SIN ALCOHOL,"18,41"
AGLSTR,LINGOTE STRAWBERRY 24,"6,41"
AGLT,LONGANIZA CON TRUFA ORTIN 22,"4,90"
AGLTCC,LACASA T. CHOCO CRUJIENTE 150 G. 24,"1,72"
AGMACH,MANTECADO CHOCOLATE 12 UD. LATTIDOS 24,"11,75"
AGMAG,MAGNUM MARQUES DE RISCAL,"39,96"
AGMAN,POLVORES EL RUISEÑOR 600 GR.,"9,66"
AGMAV,MANTECADO AVELLANA 12 UD. LATTIDOS 24,"10,79"
AGMAZ,MAZAPAN DE SOTO ESTUCHE 400,"6,37"
AGMEL,MELOCOTON MITADES ALMIBAR 720 ML.,"3,24"
AGMF,MOUSSE FOIE GRAS 130GR. MALVASIA 24,"4,75"
AGMFC,MOUSSE FOIE GRAS CIRUELAS 130G. MALVASIA 24,"5,40"
AGMFT,MOUSSE FOIE GRAS TRUFA 130 G. MALVASIA 24,"5,72"
AGMFV,MOUSSE FOIE GRAS VIDRIO 180 GR. MALVASIA 24,"7,05"
AGMI,MIEL OZ MIL FLORES 500 G.,"4,55"
AGMIA,MORCON IBERICO 1/2 ARGAL 23,"5,04"
AGMNC,MINI NOSTALGIC CARRUSEL 150G (G1478),"15,88"
AGMV,MAZAPAN DE LA VIUDA 200 GR.,"3,16"
AGPA,PATE MAIRAL MONTAÑES LATA 200 G. 24,"1,80"
AGPACL,PASTEL DE CABRACHO (LAUREL),"5,09"
AGPAE,PASTAS ARTESANAS 300 G ECEIZA 23,"10,40"
AGPAHM,PICO ALICANTE 250 G. HECHO A MANO 24,"3,89"
AGPAL,"PALETILLA SERRANA SEMIDESH. ELIDIO 4/4,5 KG. APROX._24","44,95"
AGPALA,PATE UNTAR L'AINSA 125 G.,"3,24"
AGPALA2,PATE L'AINSA 200 GR.,"3,55"
AGPALAG,PATE LAGUILHON FCO. 180 G CAMPAÑA 24,"1,98"
AGPAT,PATE LOU ACEITUNAS NEGRAS F.120 G.,"2,03"
AGPATCAS,PATE DE CHISTAU CORTE CASA 23,"24,64"
AGPATCEP,PATE DE CHISTAU CORTE CEP 23,"24,64"
AGPATES,PATE ESTURION 130 GR.,"4,00"
AGPC,PICO COCO VETAS CHOCOLATE 300 GR._24,"2,56"
AGPCL,PASTEL DE COVADONGA (LAUREL),"6,46"
AGPI,PIMIENTO PIQUI ENTERO FCO 314GR MONTEY 24,"1,83"
AGPIAO,PIRINEA ESTURION ACEITE OLIVA  90 G.,"4,36"
AGPIB,PATE IBERICO,"1,89"
AGPIES,PIRINEA ESTURION ESCABECHE 90 G.,"4,36"
AGPIL,PILARAS CAJA 250 GR 23,"3,96"
AGPJ,PLATO JAMON IB ARGAL 70 GR,"4,25"
AGPJEX,PLATO JAMON EXTREM. ARGAL 80GR 24-021977,"2,78"
AGPJHM,PICO JIJONA 250 G. HECHO A MANO 24,"3,89"
AGPM,PANETTONE MILANO 1 KG. (L121),"29,73"
AGPMC,PINK MARC CHAMPAGNE 200 G (CA0195),"17,78"
AGPOD,PALETILLA D.O. TERUEL,"67,91"
AGPPC,PATE PIMIENTOS COQUETTE,"2,36"
AGPPR,PIM PIQUILLO CONF. ROSARA 23,"4,88"
AGPSL,PASTEL DEL SELLA (LAUREL),"6,14"
AGQFA,QUESO OVEJA MINI UD. FLOR DE ASPE 24,"7,65"
AGQMVC,QUESO MEZCLA VILLA CORONA 500 G,"5,66"
AGQU,QUESO CUÑA FLOR DE ASPE 280 GR. 24,"6,64"
AGQUG,QUESO GUARA OVEJA CURADO  2023,"8,42"
AGQVC,QUESO LA VAL CUÑA CURADO 22,"7,97"
AGQVT,QUESO LA VAL TRONCHON 22,"14,26"
AGQXV,QUESO XORTICAL VILLANUA,"11,32"
AGR103,REF. A. 103 PORTAZGO,"25,96"
AGREG1,PALETILLA ELIDIO (REGALO),"0,00"
AGREG4,JAMON SERRANO ELIDIO (REGALO),"0,00"
AGREG5,JAMON IBERICO DON DIEGO (REGALO),"0,00"
AGREG7,CARE RESERVA (REGALO),"0,00"
AGREGN210,REGALO NAVIDAD 502 EL PORTAL 10,"19,27"
AGREGNA221,REGALO NAVIDAD 502 EL PORTAL 21,"30,63"
AGREGNA310,REGALO DE NAVIDAD REF. 503 EL PORTAL 10,"24,50"
AGREGNA321,REGALO DE NAVIDAD REF. 503 EL PORTAL 21,"35,40"
AGREGNA821,REGALO NAVIDAD 508 EL PORTAL 21,"25,72"
AGRENA8,REGALO NAVIDAD 508 EL PORTAL 4,"6,62"
AGRENA810,REGALO NAVIDAD 508 EL PORTAL 10,"66,66"
AGS911,SURTIDA ARAGÓN 911 4,"2,18"
AGS91110,SURTIDA ARAGÓN 911 10,"7,68"
AGS91121,SURTIDA ARAGÓN 911 21,"20,04"
AGS91210,SURTIDA ARAGÓN 912 10,"10,75"
AGS91221,SURTIDA ARAGÓN 912 21,"24,75"
AGSAA,SALMON AHUM. AC. OLIVA 105G PORTHOS (PR504),"7,87"
AGSAAO,SARDINA S/ESPINA AHUM. AC O LIVA 150G PORTHOS (PR503),"6,18"
AGSAO,SARDINAS AC. OLIVA 125G PORTHOS (PR102),"3,58"
AGSC,SNOWY CATS 300 G. (G1767),"16,57"
AGSD,SNOWY DOGS 300 G. (G1768),"16,57"
AGSEC,SECALLLONA GRAUS,"2,70"
AGSGE,SURTIDO GALLETAS 200 G ECEIZA 24,"7,54"
AGSIV,SALCHICHON IBERICO VELA (ARGAL) 24,"3,08"
AGSN,SURTIDO NAVIDAD 400 GR.,"3,79"
AGSST,SARDINAS SALSA TERIYAKI PORTHOS 125G (PR107),"3,51"
AGST,SARDINAS EN SALSA TOMATE 125G PORTHOS  (PR103),"3,44"
AGSU702,SUMILLER 702 PORTAZGO,"20,96"
AGSU703,SUMILLER 703 PORTAZGO,"22,96"
AGSU706,SUMILLER 706 PORTAZGO,"39,96"
AGSUM701,SUMILLER 701 PORTAZGO 24,"16,96"
AGSUM705,SUMILLER 705 PORTAZGO 24,"29,96"
AGTAS,TURRONES ARTESANOS BRESCO 24,"11,73"
AGTAY,TURRON ARTESANO DE YEMA BRESCO 24,"18,84"
AGTC,LACASA TRUFAS CACAO 85 G. 24,"1,10"
AGTJ,TACO JAMON SERRANO 1KG APROX 24,"14,38"
AGTLCA,TURRON LACASA CHOCO-ALMEN 250GR 22,"5,32"
AGTLD,TURRON DURO LACASA 150 GR. 24,"2,06"
AGTN,TURRONES NESTLE 230 GR.,"2,47"
AGTPC,LACASA T. PRALINE DE NARANJA 225 G.,"1,85"
AGTPO,LA CONFITERA TORTITAS POLVORON 150 GR. 22,"1,32"
AGTPT,LACASA T. PRALINE TRUFA 225 G. 22,"2,24"
AGTS,TURRON SUCHARD 260 GR.,"3,51"
AGTTYC,TURRON DE TEQUILA Y CAFE 24,"10,67"
AGTUR,GUIRLACHE ARTESAN. 150 GR. PORTA 23,"3,31"
AGU,CAMBADOS NAVAJAS NAT 35/45 tacos,"2,64"
AGU2005,CAJA MALETA REF. 2005,"7,83"
AGUAAST,ROSARA ALUBIA ALMEJA Y SETAS,"3,18"
AGUAGUA,AGUACATES 23,"5,67"
AGUAM,"JAMON IBERICO PIEZA ""A. MARTIN"" 23","18,37"
AGUAN,CAMBADOS ALMEJAS NAT. 20/30,"3,72"
AGUARL,CAMBADOS ATUN ROJO LOMOS AC. OLIVA,"6,35"
AGUARO,CAMBADOS AGUJAS RIAS AC. OLIVA 8/12,"2,97"
AGUBAILE,TURRON DE BAILEYS 23,"9,88"
AGUBMP,BOLSITA MIX PIMIENTAS 100 g.,"5,40"
AGUBN,CAMBADOS BERBERECHOS NAT. 35/45,"5,73"
AGUBPH,BOLSITA PETALOS SAL-HIERBAS MEDITERR. 100g.,"4,05"
AGUBPN,BOLSITA PIMIENTA NEGRA 100 g.,"4,05"
AGUC7204,CAJA NAVIDAD_24 Tape/Fondo 7204-700x350x120,"2,97"
AGUC7207,CAJA NAVIDAD_24 Tape/Fondo 7207-800X350X120,"3,48"
AGUC95110,CORTESIA 951 PORTAZGO 10,"14,96"
AGUC95121,CORTESIA 951 PORTAZGO 21,"12,00"
AGUCAV,CAMBADOS CHIPIRONES AC. VEGETAL 3/5,"2,70"
AGUCBB,CAJA BLANCA BORGOÑA 1BOT.,"0,63"
AGUCCH,CAMBADOS CHIPIRON AC. VEGETAL 6/8,"12,49"
AGUCJ7109,CAJA NAVIDAD_24 7109/51-386X216X350,"4,73"
AGUCJ8206,CAJA JAMONERA 8206-830X150X290,"2,43"
AGUCJB4,CAJA NAVIDAD CARTON 4B_2024,"2,16"
AGUCJB6,CAJA NAVIDAD CARTON 6B_2024,"2,16"
AGUCM,CAMBADOS MEJILLONES EN ESCABECHE 20/30,"12,75"
AGUCME,CAMBADOS MEJILLONES EN ESCABECHE 8/12,"2,76"
AGUCML,CUÑA 250 G QUESO CURADO MIEL/LAVANDA_24,"5,31"
AGUCQV,CUÑA 250 G QUESO VIEJO ARTESANO_24,"5,31"
AGUCSRJG,CALAMARES C/SALSA RAGOUT JOSE GOURMET 120G 8U,"8,12"
AGUCW6,CAJA WEB 6 BOT. automontable,"2,55"
AGUE3B,ESTUCHE 3 BOT. ARTADI VIÑAS DE GAIN,"80,96"
AGUEJG,ESTUCHE REGALO 4 CONSERVAS JOSE GOURMET,"0,00"
AGUEM,ESTUCHE MADERA 6 UD. 75 CL.,"5,08"
AGUEM275,ESTUCHE MADERA VDV 2/75 CL.,"4,58"
AGUEM375,E. MADERA VIÑAS DEL VERO 3/75C,"3,91"
AGUEMVV,E. MADERA VIÑAS DEL VERO BORGOÑA 1/150CL,"3,65"
AGUER,"JAMON IBERICO 100% ""BEHER"" ET ROJA 24","29,79"
AGUERJG,ESTUCHE REGALO 4 CONSERVAS,"0,00"
AGUFM375,FUNDA MARRON ESTUCHE 3/75CL.,"0,40"
AGUGRJ,SURTIDO DE GRAGEAS COLORES 24,"2,93"
AGUJB14M,JAMON BOG. C/PATA 50D>14M 7-7.5K MAIRAL 23,"9,54"
AGUJCCM,JAMON CEBO IB. C.MANO 80 GR 10 UD_24,"5,74"
AGUJTN8,JAMON DO TERUEL NEVADO 8KL,"103,88"
AGULBC,LACASA BOMBON CHOCO-LECHE 72G,"1,89"
AGULGPCH,LENGUAS DE GATO Y PIEDRAS DE CHOCO 23,"11,64"
AGULLC,LACASA LACASITOS CHILLI 60 G,"1,13"
AGUMFEJG,MEJILLONES FRITOS ESCAB. JOSE GOURMET 110G 8U,"10,01"
AGUMOJ,TURRON DE MOJITO 23,"9,88"
AGUMPH,MOLINILLO PETALOS SAL C/HIERBAS MEDITERR. 100 g.,"11,31"
AGUMPM,MOLINILLO MIX PIMIENTAS DEL MUNDO 100 g.,"13,27"
AGUMPN,MOLINILLO PIMIENTA NEGRA 100 g.,"11,31"
AGUPLE,PLATO LOMO EXTREMAD. DUROC 80 G_24,"2,30"
AGUQCR,CUÑA 250 G QUESO CURADO ROMERO ARTESAN_24,"5,31"
AGUSACJG,SARDINAS ACEITE JOSE GOURMET 125G  8U,"6,24"
AGUSAHJG,SALMON AHUMADO EN ACEITE EX JOSE GOURMET 90G 8U,"9,28"
AGUSAJG,SARDINILLAS AHUM. JOSE GOURMET 90G 8U,"6,67"
AGUSAO,CAMBADOS SARDINILLAS  AC. OLIVA 16/22,"3,92"
AGUZSG,CAMBADOS ZAMBURIÑAS SALSA GALLEGA,"3,51"
AGV10,VARIOS 10%,"40,75"
AGV21,VARIOS 21%,"0,00"
AGV4,VARIOS 4%,"25,21"
AGVF,VICTORIAN FLORAL Butter Shortbread 150G (G1736),"14,43"
AGVF2,VICTORIAN FLORAL All Butter Caramel 150G (G1748),"14,43"
AGVIN,VINO 0.0 CLARETE  75 CL.,"7,09"
AGVINT,VINO 0.0 TINTO 75 CL.,"7,09"
AGVM,MIPANAS TINTO 22,"11,61"
AGVM803,VINOS MIXTOS C/3 BOT REF.803,"14,40"
AGVS,VEGA SICILIA,"234,02"
AGWA,FARMHOUSE BISCUITS 250 G. (FH775),"14,86"
AGYTHM,PICO YEMA TOSTADA 250 G. HECHO A MANO 24,"3,29"
AIG,ALTAVOZ INALAMBRICO GRANINI,"0,00"
AV,GASTOS AVAL HASTA 25/01/21,"175,69"
B700594,EG MORA 50CL,"3,06"
B700595,UNIDAD GALICIA MILK STOUT 1X50 CL NR,"3,06"
B702043,VALLOBERA CRIANZA 75 CL.,"6,23"
B702054,EL MARIDO DE MI AMIGA D.O. RIOJA,"5,02"
B702210,PREMIER BRUT NATURE 75CL,"10,34"
B702244,BANCALES OLVIDADOS 2019 DO.RIBEIRA SACRA,"10,25"
B702246,"PONTE DA BOGA GODELLO ""G""","9,45"
B702254,"PB GODELLO ""O"" 75 CL. PONTE DA BOGA","7,87"
B702443,PONTE DA BOGA MENCÍA UD. D.O. RIBEIRA SACRA,"6,87"
B702500,QUINTA DE COUSELO D.O. RIAS BAIXAS,"10,73"
B702501,FINCA VIÑOA 75 CL. D.O. RIBEIRO,"10,02"
B702502,FRAGA DO CORVO 75 CL. (1) D.O. MONTERREI,"9,37"
B702517,ALBARIÑO VALDAMOR 75 CL.,"7,32"
B702902,CILLAR DE SILOS D.O. RIBERA DEL DUERO,"14,58"
B702909,CILLAR DE SILOS CZA. MAGNUM D.O. R.D,"31,14"
B702940,DOMINIO DEL PIDIO ALBILLO D.O. RIB. DUERO,"35,96"
B702942,DOMINIO DEL PIDIO TINTO D.O. RIB. DUERO,"31,39"
B705151,SIDRA MAELOC NATU. 75CL ECO,"2,54"
B705153,SIDRA MAELOC ACHAMP 75 CL,"2,45"
B70A128,UNIDAD- GALICIA SOLIDARIA 66 CL NR,"3,30"
BB,BARRICA BERONIA,"0,00"
C1906BC,COPA 1906 BLACK COUPAGE (6),"0,00"
C1906RV,COPA 1906 RED VINTAGE (6),"0,00"
CBREW,COPA BREWDOG (6) 25CL,"0,00"
COM001,GALICIA BARRIL 50 L + ENVASE,"195,07"
COM002,GALICIA BARRIL 30 L + ENVASE,"132,22"
COM003,TOSTADA 0.0 BARRIL 20L + ENVASE,"106,42"
COM004,PERONI NAS.AZZ. 30 L + ENVASE,"155,22"
COM005,GALICIA BARRIL 0.0 30 L + ENVASE,"138,71"
COM006,GALICIA BARRIL 0.0 20 L + ENVASE,"102,77"
COM007,GALICIA 0.0 33CL + ENVASE,"38,33"
COM008,GALICIA 0.0 20CL + ENVASE,"32,40"
COM009,GALICIA 0.0 TOSTADA 33 CL + ENVASE,"40,40"
COM010,GALICIA 33 CL + ENVASE,"33,60"
COM011,GALICIA 20 CL + ENVASE,"26,18"
COM013,1906 RET 33 CL + ENVASE,"36,81"
COM014,RED VINTAGE 33 CL. + ENVASE,"37,00"
COM015,BARRIL LA TITA SANGRIA 30 L + ENVASE,"175,99"
COM016,CABREIROA RET 1 L + ENVASE,"13,80"
COM017,CABREIROA RET 50 CL + ENVASE,"15,02"
COM018,(DESCATALOGADO) MAGMA GAS RET 33 CL + ENVASE,"18,92"
COM019,TUBO DE GAS 10 KG. + ENVASE,"100,20"
COM020,GROLSCH RADLER 30 L + ENVASE,"146,42"
COM021,SIN GLUTEN RET. + ENVASE,"34,04"
COM022,ESTRELLA DEL CAMINO + ENVASE,"23,64"
COM023,BUDEJOVICKY BUDVAR 30 L. + ENVASE,"128,03"
COM024,GALICIA NAVIDAD 33 CL + ENVASE,"41,08"
COM025,GALICIA 0.0 TOSTADA 20 CL + ENVASE,"31,27"
COM026,ESTRELLA DE VERANO + ENVASE,"35,32"
COM027,BARRIL LA TITA TVERANO 30L + ENVASE,"79,46"
COM028,1906 BARRIL 20 L. + ENVASE,"103,61"
COM029,B LEMON B30 + ENVASE,"139,12"
COM030,LAGER DE VERANO 2024 33CL + ENVASE,"25,55"
COM031,LUPIA NUGGET 33CL + ENVASE,"35,22"
COM032,BOTELLON 20L. AQUASERVICE + ENVASE,"18,93"
COM033,MAGMA GAS RET 33 CL (24B) + ENVASE,"18,92"
COM034,LCA GASEOSA 500 RET 20u + ENVASE,"20,20"
COM035,SCH POMELO RET 28u + ENVASE,"30,68"
COM036,SCH NARANJA ZERO RET 28u + ENVASE,"30,68"
COM037,SCH LIMON ZERO RET 28u + ENVASE,"30,68"
COM038,SCH TONICA RET 28u + ENVASE,"36,00"
COM039,SCH TONICA ZERO 28u + ENVASE,"36,00"
COM040,SCH SODA RET 28u + ENVASE,"36,00"
COM041,AQUARADE ZERO LIMON 350 24u + ENVASE,"38,42"
COM042,AQUARADE ZERO NARANJA 350 24u + ENVASE,"38,42"
COM043,KAS LIMON RET 350 24u + ENVASE,"34,58"
COM044,KAS NARANJA RET 350 24u + ENVASE,"34,58"
COM045,LIPTON ZERO RET 350 24u + ENVASE,"38,42"
COM046,LIPTON TE MANGO MARACUYA RET 24u + ENVASE,"38,42"
COM047,PEPSI ZERO RET 200 24u + ENVASE,"28,80"
COM048,PEPSI ZERO RET 350 24u + ENVASE,"34,58"
COM049,PEPSI ZERO S/CAFEINA 200 24u + ENVASE,"28,80"
COM050,SEVEN UP ZERO RET 200 24u + ENVASE,"27,36"
COM051,KAS LIMON RET. 200 + ENVASE,"27,12"
COM052,KAS NARANJA RET. 200 + ENVASE,"27,12"
COM053,PEPSI RET 200 + ENVASE,"28,80"
COM054,PEPSI RET 350 + ENVASE,"34,58"
COM055,TINTO DE VERANO LIMON 275 + ENVASE,"36,96"
COM056,BITTER KAS RET 200 + ENVASE,"38,16"
COM057,TRINA NARANJA Z + ENVASE,"29,28"
COM058,GINGER ALE + ENVASE,"35,60"
CVHDR,COPA VINO CARRE HDR,"0,00"
CVV,COPA VERDOT VILLARRICA 42 CL. (6),"0,00"
EG2025,KIT EG promo verano 2025,"0,00"
EN08,ENVASE BARRIL SIDRA,"0,00"
EN2310040,ENV BARRIL 50L EG,"13,02"
EN2310041,ENV BARRIL EG 30L,"13,02"
EN2310042,ENV CERVEZA 30 BT 20cl RET,"3,32"
EN2310043,ENV CERVEZA 24 BT 33cl RET,"3,07"
EN2310044,ENV AGUA LITRO 12 BT,"6,55"
EN2310045,ENV AGUA 33cl RETOR 24 BOT,"6,33"
EN2310046,ENV BARRIL ERDINGER/PERONI/BUDJEVAR,"30,00"
EN2310047,ENV BARRIL 20L EG,"13,02"
EN2310118,ENV AGUA 50cl RETORNO 20 BOT,"6,74"
EN2310119,ENVASE TONICA PINK,"4,64"
EN2310141,ENV BARRIL O HARA S IRISH 30L,"30,00"
EN2310152,ENVASE PALET DUVEL/O HARA S,"7,50"
EN2310153,ENVASE PALET DUVEL PLASTICO (UNICO),"30,00"
EN2310154,ENVASE JAULA EG,"0,00"
EN2310160,ENV BARRIL GROLSCH 30L.,"30,00"
EN35049,ENV TUBO GAS 10 KILOS GALICIA,"45,00"
EN409502,ENVASE BARRIL TDV 30L EG,"18,03"
EN409503,ENV BARRIL B LEMON,"18,03"
EN7007010,ENV REFRESCO 200,"4,80"
EN7007049,ENV REFRESCO 350,"6,50"
EN7008560,ENV CASERA 500 (20),"4,40"
EN7009130,ENV SCHWEPPES 200,"5,20"
ENFV,ENFRIADOR BARRA 4 BOT. (VIÑAS DEL VERO),"0,00"
ENV7009110,ENV CASERA 275 (24),"4,80"
ENVAQ,ENV AQUASERVICE,"0,00"
ENVMAH,ENVASE MAHOU,"2,70"
EXP-196-23,EXPOSITOR 1906 (4),"0,00"
F87389,KAS LIMON RET 350,"28,08"
F87390,KAS NARANJA RET 350,"28,08"
F87392,PEPSI ZERO RET. 350 24u,"28,08"
F87393,PEPSI RET. 350 24u,"28,08"
F96065,SCH LIMON ZERO LATA 330ml 3X8,"36,26"
F96176,SCH TONICA RET 200ml 28u,"30,80"
F96247,SCH TONICA LATA 330ml 3x8,"36,26"
F96343,SCH NARANJA ZERO RET 200ml 28u,"25,48"
F96417,SCH LIMON ZERO RET 200ml 28u,"25,48"
F96428,SCH NARANJA ZERO LATA 330ml 3x8,"36,26"
F96458,SCH TONICA NR 200ml 24u,"39,64"
F98023,LCA TINTO VERANO LIMON RET 275,"32,16"
F98076,RED BULL 24u.,"37,48"
F98079,RED BULL ZERO 24u.,"37,48"
F98103,SCH POMELO RET. 200 ml 28u,"25,48"
F98130,"SCH NARANJA LOW CAL PET 6X1X1,5L","22,56"
F98612,SCH GINGER ALE RET 200 28UN,"30,80"
F98820,SCH SEL GINGER BEER NR 20CL 12u,"22,41"
GHM,GEL HIGIENIZANTE DE MANOS,"1,13"
HREGES,KIT EG VR ene-2025,"0,00"
HREGLU.1211,VASO CRISTAL LUPIA,"0,00"
HREGLU.1212,KIT PROMO LUPIA,"0,00"
KLA,KIT LANZAMIENTO AUARA 2022,"0,00"
LOTB24,LOTERIA BERONIA 2024,"0,00"
LOTHDR,LOTERIA IRISH,"0,00"
LOTV24,LOTERIA VERO 2024,"0,00"
NMA,NEVERA MINI AUARA,"0,00"
P700056,PACK 6 - TOSTADA 0.0 25CL,"6,98"
P700089,PACK 6- GALICIA 0.0 LATA 33,"7,97"
P700144,PACK 6- GALICIA NR 33,"10,49"
P700162,PACK 6 - GALICIA SIN GLUTEN NR,"6,43"
P700382,PACK 6- 1906 33 CL NR,"10,83"
P700540,PACK 6- GALICIA NAVIDAD 33 CL. NR,"9,12"
P700743,PACK 6- BLACK COUPAGE 33 CL NR,"12,42"
P700803,PACK 6- 1906 PELIRROJA 33 CL NR,"12,32"
P700945,PACK 6- RED VINTAGE 33 CL NR,"12,07"
P705064,PACK 4- SIDRA MAELOC FRESA 33 CL,"6,67"
P705065,PACK 4- SIDRA MAELOC MORA 33 CL,"6,67"
P705066,PACK 4- SIDRA MAELOC PERA 33 CL,"6,67"
PR01,BRUGAL PROMOCION SUNTORY,"0,00"
PR02,FORMENTERA PROMOCION SUNTORY,"0,00"
PR03,SEAGRAMS PROMOCION SUNTORY,"0,00"
PR04,RON AREHUCAS PROMOCION SUNTORY,"0,00"
PUBCAC1,SERVILLETERO CACAOLAT,"0,00"
PUBCAC2,PORTACAÑITAS CACAOLAT,"0,00"
PUBCAC3,CAÑITAS PAPEL CACOLAT,"0,00"
PUBGRA1,VASO GRANINI 6UD.,"0,00"
PUBGRA2,NEVERA GRANDE GRANINI 50 L.,"0,00"
PUBGRA3,NEVERA PEQUEÑA GRANINI 21 L.,"0,00"
PUBGRA4,NEVERA PORTATIL GRANINI,"0,00"
PUBL001,TOLDO CORREDERO 4X3 M.,"3385,00"
PUBLCHA,CHAPÓMETRO EG,"0,00"
PUBMGRA,MOCHILA TOALLA ROJO GRANINI,"0,00"
RAP,RAPPEL CERVEZA_2022,"0,00"
RAP01,RAPPEL S/VENTAS 10% IVA,"1,00"
RAP02,RAPPEL S/COMPRAS 10% IVA,"0,00"
RAP03,RAPPEL S/COMPRAS 21%,"0,00"
RAP04,RAPPEL S/VENTAS (21%),"0,00"
RAP23,RAPPEL CERVEZA_2023,"0,00"
RAP24,RAPPEL CERVEZA_2024,"0,00"
RAPC23,RAPPEL CAFE CRIOLLO_23,"0,00"
RAPV23,RAPPEL VIÑAS DEL VERO_23,"0,00"
SER-1906-23,SERVILLETERO 1906,"0,00"
SG,SERVICIO GUARDIA FIN DE SEMANA / FESTIVO,"20,00"
SLBJ,SERVICIOS LOGISTIVOS BODEGAS JAVIER,"0,25"
ST0,ABONO POR SERVICIOS A TERCEROS 0%,"0,00"
ST10,ABONO POR SERVICIOS A TERCEROS (10%),"0,01"
ST2,ABONO POR SERVICIOS A TERCEROS (2%),"0,00"
ST21,ABONO POR SERVICIOS A TERCEROS (21%),"0,00"
ST4,ABONO POR SERVICIOS A TERCEROS (4%),"0,00"
TARAMZ30,TARJETA AMAZON 30€,"0,00"
TG,TOSTADOR GRANINI,"0,00"
TGEMP,EMPEZADO TUBO DE GAS,"55,20"
TR,TARJETA REGALO 20€ AEPAG,"0,00"
VAR,BOTELLERO,"70,25"
VAR01,PORTES DE ENVÍO AGUINALDOS,"109,08"
VAR011,KIT EG ESTRELLA DEL CAMINO 2022,"0,00"
VAR02,PALET MADERA,"7,50"
VAR03,PREMIOS FIESTAS DEL PILAR,"0,00"
VAR04,L Y T,"1,98"
VAR05,LOTE CUCHILLOS GRANINI,"0,00"
VAR06,BARBACOA GRANINI,"0,00"
VAR07,GASTOS  L y T,"2,25"
VAR08,SERVICIO DE ENTREGA Y RECOGIDA,"8,00"
VAR10,AZUCAR (OBSEQUIO ASTURIANA),"0,00"
VAR11,AZUCAR MORENO (OBSEQUIO ASTURIANA),"0,00"
VAR12,EDULCORANTE (OBSEQUIO ASTURIANA),"0,00"
VAR21,REPARACIÓN CAFETERA,"0,00"
VARCH,CHEQUE REGALO NUM. 111,"16,53"
VARCH1,CHEQUE REGALO NUM. 112,"16,53"
VARCH2,CHEQUE REGALO NUM. 194,"16,53"
VARCH3,CHEQUE REGALO NUM. 196,"18,18"
VCA,VASO CRISTAL AUARA (6UND),"0,00"
VCC,VAJILLA CORTADO EL CRIOLLO-1645,"0,00"
VCDL,VAJILLA CORTADO DOBLE LABEL - 1857,"0,00"
VCEN,VAJILLA CORTADO ETQ. NEGRA - 1805,"0,00"
VCLC,VAJILLA CAFE LECHE EL CRIOLLO-1649,"0,00"
VCLDL,VAJILLA CAFE LECHE DOBLE LABEL - 1858,"0,00"
VCLEN,VAJILLA CAFE LECHE ETQ. NEGRA - 1806,"0,00"
VCLP,VAJILLA CAFE LECHE PLATINUM 1811,"0,00"
VCLS,VAJILLA CAFE LECHE SWEET - 1847,"0,00"
VCP,VAJILLA CORTADO PLATINUM - 1809,"0,00"
VCS,VAJILLA CORTADO SWEET,"0,00"
VEGNE,VASO EG NUEVA ESTRELLA,"0,00"
VI,FURGONETA VOLKSWAGEN LT 35 (8033 CJB),"1074,38"
VMHDR,VASO MAGMA,"0,00"
VSC,VAJILLA SOLO EL CRIOLLO-1646,"0,00"
VSCDL,VAJILLA SOLO DOBLE LABEL - 1856,"0,00"
VSEN,VAJILLA SOLO ETQ. NEGRA - 1804,"0,00"
VSP,VAJILLA SOLO PLATINUM - 1810,"0,00"
VSS,VAJILLA SOLO SWEET - 1846,"0,00"
ZZZZZZ,TARRINA MEMBRILLO 400 G.,"0,00"